# A-RVol sleeve v5. RULES PER DANIEL'S APP OWNER RULING (Codex review), implemented from the written spec, NOT from the app code (repo taa-signals not readable). Not the author's original rules, not BestFolio. Independent reconstruction. REPLACES v4.
# USD, PRE-TAX, NO commissions. NAV=100 on 1986-11-03. Engine DAILY. Signal at close t, trade NEXT-DAY OPEN from 2001-01-02, NEXT-DAY CLOSE before (exec column; Yahoo ^NDX opens before 2001 are mostly the previous close, i.e. not real opens).
# RULES: see the docstring of the generating script arvol_v4.py (attached separately). Summary: DEF->QLD if RVol<25% & VR<1.10 & Trend>-1.5% (DEF enters ONLY via QLD); QLD->TQQQ if RVol<14% & VR<0.90 & Trend>+3%; TQQQ->QLD if RVol>18% or VR>1.25 or Trend<-3% (only these); QLD->DEF if RVol>36% or VR>1.40 or Trend<-3% or Credit(HYG/LQD 20d)<-4% or Donchian (NDX<=40d low & RVol>=20%); Donchian lock only when Donchian is the sole exit reason [INTERP-1], stay DEF until NDX>=3% above 5d low or 20 sessions, then DIRECTLY to QLD regardless of ordinary exit conditions (app owner's ruling; the alternative 'stay DEF if an ordinary exit is active' [INTERP-2] was considered and REJECTED).
# CHANGES v5 vs v4: (a) release always goes to QLD (INTERP-2 removed from the default path); (b) credit gate computed on ADJUSTED HYG/LQD closes (v4 used unadjusted closes).
# CHANGES v4 vs v3: (1) TQQQ->QLD no longer fires on credit gate, Donchian, RVol>36%/VR>1.40 specific triggers; (2) machine starts DEF at the start date and cannot jump DEF->TQQQ (v3 could, via a pre-start state); (3) ordinary defensive exits take priority over Donchian locking [INTERP-1/2].
# POSITION = position held DURING the day before any trade at that day's open; position_end_of_day = after the trade. Trade-day return = old position overnight x new position open->close.
# PROXIES/FLAGS: QLD/TQQQ SYNTHETIC for the whole file (L x NDX price return - (L-1) x T-bill/252 - 0.95%/yr; real funds launched 2006-06-21 / 2010-02-11, flag REAL_FUND_EXISTED_SERIES_STILL_MODELED_*; no real prices spliced). Cash = synthetic T-bill from ^IRX (not BIL). NDX = price index. Trend input S&P 500 TR (price index before 1988) minus 0.07%. Credit gate (adjusted HYG/LQD) only from 2007-05-09. Model runs ~1.3 pt/yr (QLD) and ~2.2 pt/yr (TQQQ) BELOW real fund returns in the overlap. real_fund_adj_return_REFERENCE_ONLY is not used in nav. 1994-start variant = same path, NAV rebased to 100 on 1994-01-03.
# frequency: month-end rows of the daily file; sleeve_return = month-end to month-end NAV change; reference column blank
date,position,sleeve_return,nav,nav_1994start,position_end_of_day,exec,synthetic_flag,credit_gate,real_fund_adj_return_REFERENCE_ONLY
1986-11-28,TQQQ,0.000000,102.7798,,TQQQ,NEXT_CLOSE_FALLBACK_pre2001_no_real_NDX_open,SYN_TQQQ,OFF_no_HYG_LQD_data,
1986-12-31,TQQQ,-0.138320,88.5633,,TQQQ,NEXT_CLOSE_FALLBACK_pre2001_no_real_NDX_open,SYN_TQQQ,OFF_no_HYG_LQD_data,
1987-01-30,DEF(cash:synthetic T-bill),0.349450,119.5118,,DEF(cash:synthetic T-bill),NEXT_CLOSE_FALLBACK_pre2001_no_real_NDX_open,SYN_CASH,OFF_no_HYG_LQD_data,
1987-02-27,DEF(cash:synthetic T-bill),0.004226,120.0168,,DEF(cash:synthetic T-bill),NEXT_CLOSE_FALLBACK_pre2001_no_real_NDX_open,SYN_CASH,OFF_no_HYG_LQD_data,
1987-03-31,TQQQ,0.005062,120.6244,,TQQQ,NEXT_CLOSE_FALLBACK_pre2001_no_real_NDX_open,SYN_TQQQ,OFF_no_HYG_LQD_data,
1987-04-30,DEF(cash:synthetic T-bill),-0.017488,118.5149,,DEF(cash:synthetic T-bill),NEXT_CLOSE_FALLBACK_pre2001_no_real_NDX_open,SYN_CASH,OFF_no_HYG_LQD_data,
1987-05-29,TQQQ,-0.030590,114.8896,,TQQQ,NEXT_CLOSE_FALLBACK_pre2001_no_real_NDX_open,SYN_TQQQ,OFF_no_HYG_LQD_data,
1987-06-30,TQQQ,-0.022117,112.3485,,TQQQ,NEXT_CLOSE_FALLBACK_pre2001_no_real_NDX_open,SYN_TQQQ,OFF_no_HYG_LQD_data,
1987-07-31,TQQQ,0.100988,123.6943,,TQQQ,NEXT_CLOSE_FALLBACK_pre2001_no_real_NDX_open,SYN_TQQQ,OFF_no_HYG_LQD_data,
1987-08-31,TQQQ,0.197010,148.0633,,TQQQ,NEXT_CLOSE_FALLBACK_pre2001_no_real_NDX_open,SYN_TQQQ,OFF_no_HYG_LQD_data,
1987-09-30,QLD,-0.080081,136.2062,,QLD,NEXT_CLOSE_FALLBACK_pre2001_no_real_NDX_open,SYN_QLD,OFF_no_HYG_LQD_data,
1987-10-30,DEF(cash:synthetic T-bill),0.014720,138.2112,,DEF(cash:synthetic T-bill),NEXT_CLOSE_FALLBACK_pre2001_no_real_NDX_open,SYN_CASH,OFF_no_HYG_LQD_data,
1987-11-30,DEF(cash:synthetic T-bill),0.004528,138.8371,,DEF(cash:synthetic T-bill),NEXT_CLOSE_FALLBACK_pre2001_no_real_NDX_open,SYN_CASH,OFF_no_HYG_LQD_data,
1987-12-31,DEF(cash:synthetic T-bill),0.005047,139.5378,,DEF(cash:synthetic T-bill),NEXT_CLOSE_FALLBACK_pre2001_no_real_NDX_open,SYN_CASH,OFF_no_HYG_LQD_data,
1988-01-29,DEF(cash:synthetic T-bill),0.004627,140.1835,,DEF(cash:synthetic T-bill),NEXT_CLOSE_FALLBACK_pre2001_no_real_NDX_open,SYN_CASH,OFF_no_HYG_LQD_data,
1988-02-29,DEF(cash:synthetic T-bill),0.004502,140.8146,,DEF(cash:synthetic T-bill),NEXT_CLOSE_FALLBACK_pre2001_no_real_NDX_open,SYN_CASH,OFF_no_HYG_LQD_data,
1988-03-31,DEF(cash:synthetic T-bill),0.005218,141.5494,,DEF(cash:synthetic T-bill),NEXT_CLOSE_FALLBACK_pre2001_no_real_NDX_open,SYN_CASH,OFF_no_HYG_LQD_data,
1988-04-29,DEF(cash:synthetic T-bill),0.002627,141.9212,,DEF(cash:synthetic T-bill),NEXT_CLOSE_FALLBACK_pre2001_no_real_NDX_open,SYN_CASH,OFF_no_HYG_LQD_data,
1988-05-31,DEF(cash:synthetic T-bill),0.005227,142.6630,,DEF(cash:synthetic T-bill),NEXT_CLOSE_FALLBACK_pre2001_no_real_NDX_open,SYN_CASH,OFF_no_HYG_LQD_data,
1988-06-30,TQQQ,0.149224,163.9517,,TQQQ,NEXT_CLOSE_FALLBACK_pre2001_no_real_NDX_open,SYN_TQQQ,OFF_no_HYG_LQD_data,
1988-07-29,TQQQ,-0.133451,142.0722,,TQQQ,NEXT_CLOSE_FALLBACK_pre2001_no_real_NDX_open,SYN_TQQQ,OFF_no_HYG_LQD_data,
1988-08-31,QLD,-0.165313,118.5859,,QLD,NEXT_CLOSE_FALLBACK_pre2001_no_real_NDX_open,SYN_QLD,OFF_no_HYG_LQD_data,
1988-09-30,TQQQ,0.100861,130.5465,,TQQQ,NEXT_CLOSE_FALLBACK_pre2001_no_real_NDX_open,SYN_TQQQ,OFF_no_HYG_LQD_data,
1988-10-31,TQQQ,-0.090183,118.7734,,TQQQ,NEXT_CLOSE_FALLBACK_pre2001_no_real_NDX_open,SYN_TQQQ,OFF_no_HYG_LQD_data,
1988-11-30,TQQQ,-0.111065,105.5819,,TQQQ,NEXT_CLOSE_FALLBACK_pre2001_no_real_NDX_open,SYN_TQQQ,OFF_no_HYG_LQD_data,
1988-12-30,TQQQ,0.142546,120.6321,,TQQQ,NEXT_CLOSE_FALLBACK_pre2001_no_real_NDX_open,SYN_TQQQ,OFF_no_HYG_LQD_data,
1989-01-31,TQQQ,0.139108,137.4130,,TQQQ,NEXT_CLOSE_FALLBACK_pre2001_no_real_NDX_open,SYN_TQQQ,OFF_no_HYG_LQD_data,
1989-02-28,TQQQ,-0.058845,129.3269,,TQQQ,NEXT_CLOSE_FALLBACK_pre2001_no_real_NDX_open,SYN_TQQQ,OFF_no_HYG_LQD_data,
1989-03-31,TQQQ,0.012557,130.9509,,TQQQ,NEXT_CLOSE_FALLBACK_pre2001_no_real_NDX_open,SYN_TQQQ,OFF_no_HYG_LQD_data,
1989-04-28,TQQQ,0.233348,161.5080,,TQQQ,NEXT_CLOSE_FALLBACK_pre2001_no_real_NDX_open,SYN_TQQQ,OFF_no_HYG_LQD_data,
1989-05-31,TQQQ,0.203829,194.4281,,TQQQ,NEXT_CLOSE_FALLBACK_pre2001_no_real_NDX_open,SYN_TQQQ,OFF_no_HYG_LQD_data,
1989-06-30,TQQQ,-0.094012,176.1496,,TQQQ,NEXT_CLOSE_FALLBACK_pre2001_no_real_NDX_open,SYN_TQQQ,OFF_no_HYG_LQD_data,
1989-07-31,TQQQ,0.130148,199.0752,,TQQQ,NEXT_CLOSE_FALLBACK_pre2001_no_real_NDX_open,SYN_TQQQ,OFF_no_HYG_LQD_data,
1989-08-31,TQQQ,0.091570,217.3045,,TQQQ,NEXT_CLOSE_FALLBACK_pre2001_no_real_NDX_open,SYN_TQQQ,OFF_no_HYG_LQD_data,
1989-09-29,TQQQ,0.045255,227.1386,,TQQQ,NEXT_CLOSE_FALLBACK_pre2001_no_real_NDX_open,SYN_TQQQ,OFF_no_HYG_LQD_data,
1989-10-31,DEF(cash:synthetic T-bill),-0.036498,218.8485,,DEF(cash:synthetic T-bill),NEXT_CLOSE_FALLBACK_pre2001_no_real_NDX_open,SYN_CASH,OFF_no_HYG_LQD_data,
1989-11-30,TQQQ,0.014451,222.0111,,TQQQ,NEXT_CLOSE_FALLBACK_pre2001_no_real_NDX_open,SYN_TQQQ,OFF_no_HYG_LQD_data,
1989-12-29,QLD,-0.035577,214.1126,,QLD,NEXT_CLOSE_FALLBACK_pre2001_no_real_NDX_open,SYN_QLD,OFF_no_HYG_LQD_data,
1990-01-31,DEF(cash:synthetic T-bill),0.025502,219.5730,,DEF(cash:synthetic T-bill),NEXT_CLOSE_FALLBACK_pre2001_no_real_NDX_open,SYN_CASH,OFF_no_HYG_LQD_data,
1990-02-28,DEF(cash:synthetic T-bill),0.005853,220.8580,,QLD,NEXT_CLOSE_FALLBACK_pre2001_no_real_NDX_open,SYN_CASH,OFF_no_HYG_LQD_data,
1990-03-30,QLD,0.040838,229.8775,,QLD,NEXT_CLOSE_FALLBACK_pre2001_no_real_NDX_open,SYN_QLD,OFF_no_HYG_LQD_data,
1990-04-30,QLD,-0.075523,212.5164,,QLD,NEXT_CLOSE_FALLBACK_pre2001_no_real_NDX_open,SYN_QLD,OFF_no_HYG_LQD_data,
1990-05-31,TQQQ,0.363489,289.7637,,TQQQ,NEXT_CLOSE_FALLBACK_pre2001_no_real_NDX_open,SYN_TQQQ,OFF_no_HYG_LQD_data,
1990-06-29,TQQQ,0.011098,292.9794,,TQQQ,NEXT_CLOSE_FALLBACK_pre2001_no_real_NDX_open,SYN_TQQQ,OFF_no_HYG_LQD_data,
1990-07-31,TQQQ,-0.193984,236.1461,,TQQQ,NEXT_CLOSE_FALLBACK_pre2001_no_real_NDX_open,SYN_TQQQ,OFF_no_HYG_LQD_data,
1990-08-31,DEF(cash:synthetic T-bill),-0.241057,179.2214,,DEF(cash:synthetic T-bill),NEXT_CLOSE_FALLBACK_pre2001_no_real_NDX_open,SYN_CASH,OFF_no_HYG_LQD_data,
1990-09-28,DEF(cash:synthetic T-bill),0.005561,180.2180,,DEF(cash:synthetic T-bill),NEXT_CLOSE_FALLBACK_pre2001_no_real_NDX_open,SYN_CASH,OFF_no_HYG_LQD_data,
1990-10-31,DEF(cash:synthetic T-bill),0.006556,181.3994,,DEF(cash:synthetic T-bill),NEXT_CLOSE_FALLBACK_pre2001_no_real_NDX_open,SYN_CASH,OFF_no_HYG_LQD_data,
1990-11-30,DEF(cash:synthetic T-bill),0.005901,182.4699,,DEF(cash:synthetic T-bill),NEXT_CLOSE_FALLBACK_pre2001_no_real_NDX_open,SYN_CASH,OFF_no_HYG_LQD_data,
1990-12-31,QLD,0.009703,184.2404,,QLD,NEXT_CLOSE_FALLBACK_pre2001_no_real_NDX_open,SYN_QLD,OFF_no_HYG_LQD_data,
1991-01-31,DEF(cash:synthetic T-bill),-0.080767,169.3599,,QLD,NEXT_CLOSE_FALLBACK_pre2001_no_real_NDX_open,SYN_CASH,OFF_no_HYG_LQD_data,
1991-02-28,QLD,0.148897,194.5771,,QLD,NEXT_CLOSE_FALLBACK_pre2001_no_real_NDX_open,SYN_QLD,OFF_no_HYG_LQD_data,
1991-03-28,QLD,0.110240,216.0273,,QLD,NEXT_CLOSE_FALLBACK_pre2001_no_real_NDX_open,SYN_QLD,OFF_no_HYG_LQD_data,
1991-04-30,QLD,-0.018726,211.9820,,QLD,NEXT_CLOSE_FALLBACK_pre2001_no_real_NDX_open,SYN_QLD,OFF_no_HYG_LQD_data,
1991-05-31,QLD,0.084224,229.8360,,QLD,NEXT_CLOSE_FALLBACK_pre2001_no_real_NDX_open,SYN_QLD,OFF_no_HYG_LQD_data,
1991-06-28,QLD,-0.176725,189.2181,,QLD,NEXT_CLOSE_FALLBACK_pre2001_no_real_NDX_open,SYN_QLD,OFF_no_HYG_LQD_data,
1991-07-31,QLD,0.135925,214.9376,,QLD,NEXT_CLOSE_FALLBACK_pre2001_no_real_NDX_open,SYN_QLD,OFF_no_HYG_LQD_data,
1991-08-30,QLD,0.061204,228.0925,,QLD,NEXT_CLOSE_FALLBACK_pre2001_no_real_NDX_open,SYN_QLD,OFF_no_HYG_LQD_data,
1991-09-30,QLD,-0.006125,226.6954,,QLD,NEXT_CLOSE_FALLBACK_pre2001_no_real_NDX_open,SYN_QLD,OFF_no_HYG_LQD_data,
1991-10-31,QLD,0.070734,242.7305,,QLD,NEXT_CLOSE_FALLBACK_pre2001_no_real_NDX_open,SYN_QLD,OFF_no_HYG_LQD_data,
1991-11-29,DEF(cash:synthetic T-bill),-0.032026,234.9568,,DEF(cash:synthetic T-bill),NEXT_CLOSE_FALLBACK_pre2001_no_real_NDX_open,SYN_CASH,OFF_no_HYG_LQD_data,
1991-12-31,QLD,0.240796,291.5335,,QLD,NEXT_CLOSE_FALLBACK_pre2001_no_real_NDX_open,SYN_QLD,OFF_no_HYG_LQD_data,
1992-01-31,DEF(cash:synthetic T-bill),0.085077,316.3364,,DEF(cash:synthetic T-bill),NEXT_CLOSE_FALLBACK_pre2001_no_real_NDX_open,SYN_CASH,OFF_no_HYG_LQD_data,
1992-02-28,QLD,-0.024906,308.4577,,QLD,NEXT_CLOSE_FALLBACK_pre2001_no_real_NDX_open,SYN_QLD,OFF_no_HYG_LQD_data,
1992-03-31,QLD,-0.133625,267.2399,,QLD,NEXT_CLOSE_FALLBACK_pre2001_no_real_NDX_open,SYN_QLD,OFF_no_HYG_LQD_data,
1992-04-30,DEF(cash:synthetic T-bill),-0.114514,236.6373,,DEF(cash:synthetic T-bill),NEXT_CLOSE_FALLBACK_pre2001_no_real_NDX_open,SYN_CASH,OFF_no_HYG_LQD_data,
1992-05-29,TQQQ,0.055375,249.7412,,TQQQ,NEXT_CLOSE_FALLBACK_pre2001_no_real_NDX_open,SYN_TQQQ,OFF_no_HYG_LQD_data,
1992-06-30,TQQQ,-0.142772,214.0851,,QLD,NEXT_CLOSE_FALLBACK_pre2001_no_real_NDX_open,SYN_TQQQ,OFF_no_HYG_LQD_data,
1992-07-31,QLD,0.058160,226.5363,,QLD,NEXT_CLOSE_FALLBACK_pre2001_no_real_NDX_open,SYN_QLD,OFF_no_HYG_LQD_data,
1992-08-31,TQQQ,-0.086135,207.0236,,TQQQ,NEXT_CLOSE_FALLBACK_pre2001_no_real_NDX_open,SYN_TQQQ,OFF_no_HYG_LQD_data,
1992-09-30,QLD,0.141694,236.3576,,QLD,NEXT_CLOSE_FALLBACK_pre2001_no_real_NDX_open,SYN_QLD,OFF_no_HYG_LQD_data,
1992-10-30,QLD,0.098629,259.6694,,TQQQ,NEXT_CLOSE_FALLBACK_pre2001_no_real_NDX_open,SYN_QLD,OFF_no_HYG_LQD_data,
1992-11-30,QLD,0.175609,305.2698,,QLD,NEXT_CLOSE_FALLBACK_pre2001_no_real_NDX_open,SYN_QLD,OFF_no_HYG_LQD_data,
1992-12-31,TQQQ,0.079046,329.4002,,TQQQ,NEXT_CLOSE_FALLBACK_pre2001_no_real_NDX_open,SYN_TQQQ,OFF_no_HYG_LQD_data,
1993-01-29,TQQQ,0.075836,354.3807,,TQQQ,NEXT_CLOSE_FALLBACK_pre2001_no_real_NDX_open,SYN_TQQQ,OFF_no_HYG_LQD_data,
1993-02-26,DEF(cash:synthetic T-bill),-0.184313,289.0636,,QLD,NEXT_CLOSE_FALLBACK_pre2001_no_real_NDX_open,SYN_CASH,OFF_no_HYG_LQD_data,
1993-03-31,TQQQ,0.066436,308.2679,,TQQQ,NEXT_CLOSE_FALLBACK_pre2001_no_real_NDX_open,SYN_TQQQ,OFF_no_HYG_LQD_data,
1993-04-30,QLD,-0.148904,262.3655,,QLD,NEXT_CLOSE_FALLBACK_pre2001_no_real_NDX_open,SYN_QLD,OFF_no_HYG_LQD_data,
1993-05-28,QLD,0.165634,305.8221,,QLD,NEXT_CLOSE_FALLBACK_pre2001_no_real_NDX_open,SYN_QLD,OFF_no_HYG_LQD_data,
1993-06-30,TQQQ,0.004533,307.2085,,TQQQ,NEXT_CLOSE_FALLBACK_pre2001_no_real_NDX_open,SYN_TQQQ,OFF_no_HYG_LQD_data,
1993-07-30,QLD,-0.106513,274.4867,,QLD,NEXT_CLOSE_FALLBACK_pre2001_no_real_NDX_open,SYN_QLD,OFF_no_HYG_LQD_data,
1993-08-31,TQQQ,0.112727,305.4287,,TQQQ,NEXT_CLOSE_FALLBACK_pre2001_no_real_NDX_open,SYN_TQQQ,OFF_no_HYG_LQD_data,
1993-09-30,TQQQ,0.071488,327.2633,,TQQQ,NEXT_CLOSE_FALLBACK_pre2001_no_real_NDX_open,SYN_TQQQ,OFF_no_HYG_LQD_data,
1993-10-29,TQQQ,0.055913,345.5615,,TQQQ,NEXT_CLOSE_FALLBACK_pre2001_no_real_NDX_open,SYN_TQQQ,OFF_no_HYG_LQD_data,
1993-11-30,QLD,-0.074290,319.8899,,QLD,NEXT_CLOSE_FALLBACK_pre2001_no_real_NDX_open,SYN_QLD,OFF_no_HYG_LQD_data,
1993-12-31,TQQQ,0.075939,344.1819,,TQQQ,NEXT_CLOSE_FALLBACK_pre2001_no_real_NDX_open,SYN_TQQQ,OFF_no_HYG_LQD_data,
1994-01-31,TQQQ,0.113753,383.3337,113.7635,TQQQ,NEXT_CLOSE_FALLBACK_pre2001_no_real_NDX_open,SYN_TQQQ,OFF_no_HYG_LQD_data,
1994-02-28,TQQQ,-0.024442,373.9642,110.9828,TQQQ,NEXT_CLOSE_FALLBACK_pre2001_no_real_NDX_open,SYN_TQQQ,OFF_no_HYG_LQD_data,
1994-03-31,TQQQ,-0.208977,295.8142,87.7900,TQQQ,NEXT_CLOSE_FALLBACK_pre2001_no_real_NDX_open,SYN_TQQQ,OFF_no_HYG_LQD_data,
1994-04-29,DEF(cash:synthetic T-bill),0.043999,308.8298,91.6527,DEF(cash:synthetic T-bill),NEXT_CLOSE_FALLBACK_pre2001_no_real_NDX_open,SYN_CASH,OFF_no_HYG_LQD_data,
1994-05-31,QLD,0.011748,312.4578,92.7294,QLD,NEXT_CLOSE_FALLBACK_pre2001_no_real_NDX_open,SYN_QLD,OFF_no_HYG_LQD_data,
1994-06-30,DEF(cash:synthetic T-bill),-0.097261,282.0677,83.7104,DEF(cash:synthetic T-bill),NEXT_CLOSE_FALLBACK_pre2001_no_real_NDX_open,SYN_CASH,OFF_no_HYG_LQD_data,
1994-07-29,QLD,0.009798,284.8315,84.5306,QLD,NEXT_CLOSE_FALLBACK_pre2001_no_real_NDX_open,SYN_QLD,OFF_no_HYG_LQD_data,
1994-08-31,TQQQ,0.164846,331.7847,98.4651,TQQQ,NEXT_CLOSE_FALLBACK_pre2001_no_real_NDX_open,SYN_TQQQ,OFF_no_HYG_LQD_data,
1994-09-30,QLD,-0.015559,326.6225,96.9331,QLD,NEXT_CLOSE_FALLBACK_pre2001_no_real_NDX_open,SYN_QLD,OFF_no_HYG_LQD_data,
1994-10-31,QLD,0.091956,356.6573,105.8466,TQQQ,NEXT_CLOSE_FALLBACK_pre2001_no_real_NDX_open,SYN_QLD,OFF_no_HYG_LQD_data,
1994-11-30,QLD,-0.090218,324.4805,96.2974,QLD,NEXT_CLOSE_FALLBACK_pre2001_no_real_NDX_open,SYN_QLD,OFF_no_HYG_LQD_data,
1994-12-30,QLD,-0.010299,321.1388,95.3056,QLD,NEXT_CLOSE_FALLBACK_pre2001_no_real_NDX_open,SYN_QLD,OFF_no_HYG_LQD_data,
1995-01-31,TQQQ,-0.033438,310.4007,92.1188,TQQQ,NEXT_CLOSE_FALLBACK_pre2001_no_real_NDX_open,SYN_TQQQ,OFF_no_HYG_LQD_data,
1995-02-28,TQQQ,0.198499,372.0148,110.4043,TQQQ,NEXT_CLOSE_FALLBACK_pre2001_no_real_NDX_open,SYN_TQQQ,OFF_no_HYG_LQD_data,
1995-03-31,TQQQ,0.087686,404.6353,120.0852,TQQQ,NEXT_CLOSE_FALLBACK_pre2001_no_real_NDX_open,SYN_TQQQ,OFF_no_HYG_LQD_data,
1995-04-28,TQQQ,0.142500,462.2960,137.1974,TQQQ,NEXT_CLOSE_FALLBACK_pre2001_no_real_NDX_open,SYN_TQQQ,OFF_no_HYG_LQD_data,
1995-05-31,TQQQ,0.101555,509.2445,151.1305,QLD,NEXT_CLOSE_FALLBACK_pre2001_no_real_NDX_open,SYN_TQQQ,OFF_no_HYG_LQD_data,
1995-06-30,QLD,0.190552,606.2822,179.9288,QLD,NEXT_CLOSE_FALLBACK_pre2001_no_real_NDX_open,SYN_QLD,OFF_no_HYG_LQD_data,
1995-07-31,DEF(cash:synthetic T-bill),0.159692,703.1004,208.6619,DEF(cash:synthetic T-bill),NEXT_CLOSE_FALLBACK_pre2001_no_real_NDX_open,SYN_CASH,OFF_no_HYG_LQD_data,
1995-08-31,DEF(cash:synthetic T-bill),0.004931,706.5677,209.6909,DEF(cash:synthetic T-bill),NEXT_CLOSE_FALLBACK_pre2001_no_real_NDX_open,SYN_CASH,OFF_no_HYG_LQD_data,
1995-09-29,QLD,0.032975,729.8668,216.6055,QLD,NEXT_CLOSE_FALLBACK_pre2001_no_real_NDX_open,SYN_QLD,OFF_no_HYG_LQD_data,
1995-10-31,DEF(cash:synthetic T-bill),-0.051412,692.3429,205.4694,DEF(cash:synthetic T-bill),NEXT_CLOSE_FALLBACK_pre2001_no_real_NDX_open,SYN_CASH,OFF_no_HYG_LQD_data,
1995-11-30,DEF(cash:synthetic T-bill),0.004469,695.4373,206.3877,DEF(cash:synthetic T-bill),NEXT_CLOSE_FALLBACK_pre2001_no_real_NDX_open,SYN_CASH,OFF_no_HYG_LQD_data,
1995-12-29,DEF(cash:synthetic T-bill),0.004088,698.2800,207.2313,DEF(cash:synthetic T-bill),NEXT_CLOSE_FALLBACK_pre2001_no_real_NDX_open,SYN_CASH,OFF_no_HYG_LQD_data,
1996-01-31,DEF(cash:synthetic T-bill),0.004371,701.3319,208.1371,DEF(cash:synthetic T-bill),NEXT_CLOSE_FALLBACK_pre2001_no_real_NDX_open,SYN_CASH,OFF_no_HYG_LQD_data,
1996-02-29,QLD,0.007146,706.3436,209.6244,QLD,NEXT_CLOSE_FALLBACK_pre2001_no_real_NDX_open,SYN_QLD,OFF_no_HYG_LQD_data,
1996-03-29,QLD,-0.052124,669.5260,198.6979,QLD,NEXT_CLOSE_FALLBACK_pre2001_no_real_NDX_open,SYN_QLD,OFF_no_HYG_LQD_data,
1996-04-30,TQQQ,0.288273,862.5320,255.9771,TQQQ,NEXT_CLOSE_FALLBACK_pre2001_no_real_NDX_open,SYN_TQQQ,OFF_no_HYG_LQD_data,
1996-05-31,TQQQ,0.062525,916.4616,271.9820,TQQQ,NEXT_CLOSE_FALLBACK_pre2001_no_real_NDX_open,SYN_TQQQ,OFF_no_HYG_LQD_data,
1996-06-28,TQQQ,-0.078403,844.6081,250.6577,TQQQ,NEXT_CLOSE_FALLBACK_pre2001_no_real_NDX_open,SYN_TQQQ,OFF_no_HYG_LQD_data,
1996-07-31,DEF(cash:synthetic T-bill),-0.205206,671.2893,199.2212,DEF(cash:synthetic T-bill),NEXT_CLOSE_FALLBACK_pre2001_no_real_NDX_open,SYN_CASH,OFF_no_HYG_LQD_data,
1996-08-30,QLD,-0.041674,643.3138,190.9188,QLD,NEXT_CLOSE_FALLBACK_pre2001_no_real_NDX_open,SYN_QLD,OFF_no_HYG_LQD_data,
1996-09-30,QLD,0.225302,788.2539,233.9333,QLD,NEXT_CLOSE_FALLBACK_pre2001_no_real_NDX_open,SYN_QLD,OFF_no_HYG_LQD_data,
1996-10-31,QLD,0.030500,812.2955,241.0682,QLD,NEXT_CLOSE_FALLBACK_pre2001_no_real_NDX_open,SYN_QLD,OFF_no_HYG_LQD_data,
1996-11-29,QLD,0.221158,991.9413,294.3824,QLD,NEXT_CLOSE_FALLBACK_pre2001_no_real_NDX_open,SYN_QLD,OFF_no_HYG_LQD_data,
1996-12-31,QLD,-0.039380,952.8787,282.7896,QLD,NEXT_CLOSE_FALLBACK_pre2001_no_real_NDX_open,SYN_QLD,OFF_no_HYG_LQD_data,
1997-01-31,QLD,0.246273,1187.5471,352.4331,QLD,NEXT_CLOSE_FALLBACK_pre2001_no_real_NDX_open,SYN_QLD,OFF_no_HYG_LQD_data,
1997-02-28,QLD,-0.157271,1000.7802,297.0055,QLD,NEXT_CLOSE_FALLBACK_pre2001_no_real_NDX_open,SYN_QLD,OFF_no_HYG_LQD_data,
1997-03-31,QLD,-0.043419,957.3270,284.1098,QLD,NEXT_CLOSE_FALLBACK_pre2001_no_real_NDX_open,SYN_QLD,OFF_no_HYG_LQD_data,
1997-04-30,DEF(cash:synthetic T-bill),-0.061166,898.7714,266.7320,DEF(cash:synthetic T-bill),NEXT_CLOSE_FALLBACK_pre2001_no_real_NDX_open,SYN_CASH,OFF_no_HYG_LQD_data,
1997-05-30,QLD,-0.049184,854.5664,253.6131,QLD,NEXT_CLOSE_FALLBACK_pre2001_no_real_NDX_open,SYN_QLD,OFF_no_HYG_LQD_data,
1997-06-30,QLD,-0.011538,844.7060,250.6868,QLD,NEXT_CLOSE_FALLBACK_pre2001_no_real_NDX_open,SYN_QLD,OFF_no_HYG_LQD_data,
1997-07-31,QLD,0.323122,1117.6490,331.6891,QLD,NEXT_CLOSE_FALLBACK_pre2001_no_real_NDX_open,SYN_QLD,OFF_no_HYG_LQD_data,
1997-08-29,QLD,-0.067402,1042.3169,309.3326,QLD,NEXT_CLOSE_FALLBACK_pre2001_no_real_NDX_open,SYN_QLD,OFF_no_HYG_LQD_data,
1997-09-30,QLD,0.034218,1077.9827,319.9172,QLD,NEXT_CLOSE_FALLBACK_pre2001_no_real_NDX_open,SYN_QLD,OFF_no_HYG_LQD_data,
1997-10-31,DEF(cash:synthetic T-bill),-0.260261,797.4264,236.6554,DEF(cash:synthetic T-bill),NEXT_CLOSE_FALLBACK_pre2001_no_real_NDX_open,SYN_CASH,OFF_no_HYG_LQD_data,
1997-11-28,DEF(cash:synthetic T-bill),0.003877,800.5180,237.5729,DEF(cash:synthetic T-bill),NEXT_CLOSE_FALLBACK_pre2001_no_real_NDX_open,SYN_CASH,OFF_no_HYG_LQD_data,
1997-12-31,DEF(cash:synthetic T-bill),0.004505,804.1245,238.6432,DEF(cash:synthetic T-bill),NEXT_CLOSE_FALLBACK_pre2001_no_real_NDX_open,SYN_CASH,OFF_no_HYG_LQD_data,
1998-01-30,QLD,0.159585,932.4507,276.7271,QLD,NEXT_CLOSE_FALLBACK_pre2001_no_real_NDX_open,SYN_QLD,OFF_no_HYG_LQD_data,
1998-02-27,QLD,0.233089,1149.7944,341.2291,QLD,NEXT_CLOSE_FALLBACK_pre2001_no_real_NDX_open,SYN_QLD,OFF_no_HYG_LQD_data,
1998-03-31,QLD,0.033300,1188.0829,352.5921,QLD,NEXT_CLOSE_FALLBACK_pre2001_no_real_NDX_open,SYN_QLD,OFF_no_HYG_LQD_data,
1998-04-30,QLD,0.001961,1190.4130,353.2836,QLD,NEXT_CLOSE_FALLBACK_pre2001_no_real_NDX_open,SYN_QLD,OFF_no_HYG_LQD_data,
1998-05-29,QLD,-0.094555,1077.8533,319.8788,QLD,NEXT_CLOSE_FALLBACK_pre2001_no_real_NDX_open,SYN_QLD,OFF_no_HYG_LQD_data,
1998-06-30,QLD,0.244367,1341.2454,398.0467,QLD,NEXT_CLOSE_FALLBACK_pre2001_no_real_NDX_open,SYN_QLD,OFF_no_HYG_LQD_data,
1998-07-31,QLD,0.049120,1407.1270,417.5987,QLD,NEXT_CLOSE_FALLBACK_pre2001_no_real_NDX_open,SYN_QLD,OFF_no_HYG_LQD_data,
1998-08-31,DEF(cash:synthetic T-bill),-0.167628,1171.2535,347.5976,DEF(cash:synthetic T-bill),NEXT_CLOSE_FALLBACK_pre2001_no_real_NDX_open,SYN_CASH,OFF_no_HYG_LQD_data,
1998-09-30,DEF(cash:synthetic T-bill),-0.017081,1151.2468,341.6601,DEF(cash:synthetic T-bill),NEXT_CLOSE_FALLBACK_pre2001_no_real_NDX_open,SYN_CASH,OFF_no_HYG_LQD_data,
1998-10-30,DEF(cash:synthetic T-bill),0.003453,1155.2215,342.8397,DEF(cash:synthetic T-bill),NEXT_CLOSE_FALLBACK_pre2001_no_real_NDX_open,SYN_CASH,OFF_no_HYG_LQD_data,
1998-11-30,QLD,0.101354,1272.3074,377.5877,QLD,NEXT_CLOSE_FALLBACK_pre2001_no_real_NDX_open,SYN_QLD,OFF_no_HYG_LQD_data,
1998-12-31,DEF(cash:synthetic T-bill),0.155004,1469.5204,436.1154,DEF(cash:synthetic T-bill),NEXT_CLOSE_FALLBACK_pre2001_no_real_NDX_open,SYN_CASH,OFF_no_HYG_LQD_data,
1999-01-29,DEF(cash:synthetic T-bill),0.057303,1553.7288,461.1063,DEF(cash:synthetic T-bill),NEXT_CLOSE_FALLBACK_pre2001_no_real_NDX_open,SYN_CASH,OFF_no_HYG_LQD_data,
1999-02-26,DEF(cash:synthetic T-bill),0.003347,1558.9291,462.6496,DEF(cash:synthetic T-bill),NEXT_CLOSE_FALLBACK_pre2001_no_real_NDX_open,SYN_CASH,OFF_no_HYG_LQD_data,
1999-03-31,DEF(cash:synthetic T-bill),0.004057,1565.2544,464.5268,DEF(cash:synthetic T-bill),NEXT_CLOSE_FALLBACK_pre2001_no_real_NDX_open,SYN_CASH,OFF_no_HYG_LQD_data,
1999-04-30,DEF(cash:synthetic T-bill),0.003571,1570.8441,466.1857,DEF(cash:synthetic T-bill),NEXT_CLOSE_FALLBACK_pre2001_no_real_NDX_open,SYN_CASH,OFF_no_HYG_LQD_data,
1999-05-28,DEF(cash:synthetic T-bill),0.003571,1576.4532,467.8503,DEF(cash:synthetic T-bill),NEXT_CLOSE_FALLBACK_pre2001_no_real_NDX_open,SYN_CASH,OFF_no_HYG_LQD_data,
1999-06-30,DEF(cash:synthetic T-bill),0.003989,1582.7415,469.7165,DEF(cash:synthetic T-bill),NEXT_CLOSE_FALLBACK_pre2001_no_real_NDX_open,SYN_CASH,OFF_no_HYG_LQD_data,
1999-07-30,QLD,-0.107782,1412.1503,419.0895,QLD,NEXT_CLOSE_FALLBACK_pre2001_no_real_NDX_open,SYN_QLD,OFF_no_HYG_LQD_data,
1999-08-31,QLD,0.101012,1554.7949,461.4227,QLD,NEXT_CLOSE_FALLBACK_pre2001_no_real_NDX_open,SYN_QLD,OFF_no_HYG_LQD_data,
1999-09-30,DEF(cash:synthetic T-bill),-0.008929,1540.9118,457.3026,DEF(cash:synthetic T-bill),NEXT_CLOSE_FALLBACK_pre2001_no_real_NDX_open,SYN_CASH,OFF_no_HYG_LQD_data,
1999-10-29,DEF(cash:synthetic T-bill),0.004046,1547.1468,459.1529,DEF(cash:synthetic T-bill),NEXT_CLOSE_FALLBACK_pre2001_no_real_NDX_open,SYN_CASH,OFF_no_HYG_LQD_data,
1999-11-30,QLD,0.077471,1667.0058,494.7240,QLD,NEXT_CLOSE_FALLBACK_pre2001_no_real_NDX_open,SYN_QLD,OFF_no_HYG_LQD_data,
1999-12-31,QLD,0.543129,2572.4050,763.4229,QLD,NEXT_CLOSE_FALLBACK_pre2001_no_real_NDX_open,SYN_QLD,OFF_no_HYG_LQD_data,
2000-01-31,DEF(cash:synthetic T-bill),-0.107507,2295.8527,681.3493,DEF(cash:synthetic T-bill),NEXT_CLOSE_FALLBACK_pre2001_no_real_NDX_open,SYN_CASH,OFF_no_HYG_LQD_data,
2000-02-29,DEF(cash:synthetic T-bill),0.004412,2305.9829,684.3557,DEF(cash:synthetic T-bill),NEXT_CLOSE_FALLBACK_pre2001_no_real_NDX_open,SYN_CASH,OFF_no_HYG_LQD_data,
2000-03-31,DEF(cash:synthetic T-bill),0.005205,2317.9855,687.9178,DEF(cash:synthetic T-bill),NEXT_CLOSE_FALLBACK_pre2001_no_real_NDX_open,SYN_CASH,OFF_no_HYG_LQD_data,
2000-04-28,DEF(cash:synthetic T-bill),0.004270,2327.8826,690.8550,DEF(cash:synthetic T-bill),NEXT_CLOSE_FALLBACK_pre2001_no_real_NDX_open,SYN_CASH,OFF_no_HYG_LQD_data,
2000-05-31,DEF(cash:synthetic T-bill),0.005060,2339.6622,694.3509,DEF(cash:synthetic T-bill),NEXT_CLOSE_FALLBACK_pre2001_no_real_NDX_open,SYN_CASH,OFF_no_HYG_LQD_data,
2000-06-30,DEF(cash:synthetic T-bill),0.004970,2351.2895,697.8016,DEF(cash:synthetic T-bill),NEXT_CLOSE_FALLBACK_pre2001_no_real_NDX_open,SYN_CASH,OFF_no_HYG_LQD_data,
2000-07-31,DEF(cash:synthetic T-bill),0.004732,2362.4150,701.1033,DEF(cash:synthetic T-bill),NEXT_CLOSE_FALLBACK_pre2001_no_real_NDX_open,SYN_CASH,OFF_no_HYG_LQD_data,
2000-08-31,QLD,0.078753,2548.4626,756.3174,QLD,NEXT_CLOSE_FALLBACK_pre2001_no_real_NDX_open,SYN_QLD,OFF_no_HYG_LQD_data,
2000-09-29,DEF(cash:synthetic T-bill),-0.145261,2178.2697,646.4538,DEF(cash:synthetic T-bill),NEXT_CLOSE_FALLBACK_pre2001_no_real_NDX_open,SYN_CASH,OFF_no_HYG_LQD_data,
2000-10-31,DEF(cash:synthetic T-bill),0.005329,2189.8777,649.8987,DEF(cash:synthetic T-bill),NEXT_CLOSE_FALLBACK_pre2001_no_real_NDX_open,SYN_CASH,OFF_no_HYG_LQD_data,
2000-11-30,DEF(cash:synthetic T-bill),0.005143,2201.1396,653.2410,DEF(cash:synthetic T-bill),NEXT_CLOSE_FALLBACK_pre2001_no_real_NDX_open,SYN_CASH,OFF_no_HYG_LQD_data,
2000-12-29,DEF(cash:synthetic T-bill),0.004562,2211.1808,656.2209,DEF(cash:synthetic T-bill),NEXT_CLOSE_FALLBACK_pre2001_no_real_NDX_open,SYN_CASH,OFF_no_HYG_LQD_data,
2001-01-31,DEF(cash:synthetic T-bill),0.004287,2220.6608,659.0344,DEF(cash:synthetic T-bill),NEXT_OPEN_regime_no_trade,SYN_CASH,OFF_no_HYG_LQD_data,
2001-02-28,DEF(cash:synthetic T-bill),0.003678,2228.8280,661.4582,DEF(cash:synthetic T-bill),NEXT_OPEN_regime_no_trade,SYN_CASH,OFF_no_HYG_LQD_data,
2001-03-30,DEF(cash:synthetic T-bill),0.003860,2237.4319,664.0116,DEF(cash:synthetic T-bill),NEXT_OPEN_regime_no_trade,SYN_CASH,OFF_no_HYG_LQD_data,
2001-04-30,DEF(cash:synthetic T-bill),0.003067,2244.2944,666.0482,DEF(cash:synthetic T-bill),NEXT_OPEN_regime_no_trade,SYN_CASH,OFF_no_HYG_LQD_data,
2001-05-31,DEF(cash:synthetic T-bill),0.003152,2251.3683,668.1476,DEF(cash:synthetic T-bill),NEXT_OPEN_regime_no_trade,SYN_CASH,OFF_no_HYG_LQD_data,
2001-06-29,DEF(cash:synthetic T-bill),0.002894,2257.8848,670.0815,DEF(cash:synthetic T-bill),NEXT_OPEN_regime_no_trade,SYN_CASH,OFF_no_HYG_LQD_data,
2001-07-31,DEF(cash:synthetic T-bill),0.002918,2264.4732,672.0367,DEF(cash:synthetic T-bill),NEXT_OPEN_regime_no_trade,SYN_CASH,OFF_no_HYG_LQD_data,
2001-08-31,DEF(cash:synthetic T-bill),0.003062,2271.4071,674.0945,DEF(cash:synthetic T-bill),NEXT_OPEN_regime_no_trade,SYN_CASH,OFF_no_HYG_LQD_data,
2001-09-28,DEF(cash:synthetic T-bill),0.001581,2274.9989,675.1605,DEF(cash:synthetic T-bill),NEXT_OPEN_regime_no_trade,SYN_CASH,OFF_no_HYG_LQD_data,
2001-10-31,DEF(cash:synthetic T-bill),0.001967,2279.4745,676.4887,DEF(cash:synthetic T-bill),NEXT_OPEN_regime_no_trade,SYN_CASH,OFF_no_HYG_LQD_data,
2001-11-30,DEF(cash:synthetic T-bill),0.001552,2283.0121,677.5386,DEF(cash:synthetic T-bill),NEXT_OPEN_regime_no_trade,SYN_CASH,OFF_no_HYG_LQD_data,
2001-12-31,DEF(cash:synthetic T-bill),0.001335,2286.0599,678.4431,DEF(cash:synthetic T-bill),NEXT_OPEN_regime_no_trade,SYN_CASH,OFF_no_HYG_LQD_data,
2002-01-31,DEF(cash:synthetic T-bill),0.001373,2289.1989,679.3747,DEF(cash:synthetic T-bill),NEXT_OPEN_regime_no_trade,SYN_CASH,OFF_no_HYG_LQD_data,
2002-02-28,DEF(cash:synthetic T-bill),0.001291,2292.1540,680.2517,DEF(cash:synthetic T-bill),NEXT_OPEN_regime_no_trade,SYN_CASH,OFF_no_HYG_LQD_data,
2002-03-28,DEF(cash:synthetic T-bill),0.001416,2295.3988,681.2147,DEF(cash:synthetic T-bill),NEXT_OPEN_regime_no_trade,SYN_CASH,OFF_no_HYG_LQD_data,
2002-04-30,DEF(cash:synthetic T-bill),0.001488,2298.8152,682.2286,DEF(cash:synthetic T-bill),NEXT_OPEN_regime_no_trade,SYN_CASH,OFF_no_HYG_LQD_data,
2002-05-31,DEF(cash:synthetic T-bill),0.001503,2302.2692,683.2536,DEF(cash:synthetic T-bill),NEXT_OPEN_regime_no_trade,SYN_CASH,OFF_no_HYG_LQD_data,
2002-06-28,DEF(cash:synthetic T-bill),0.001343,2305.3619,684.1714,DEF(cash:synthetic T-bill),NEXT_OPEN_regime_no_trade,SYN_CASH,OFF_no_HYG_LQD_data,
2002-07-31,DEF(cash:synthetic T-bill),0.001463,2308.7352,685.1725,DEF(cash:synthetic T-bill),NEXT_OPEN_regime_no_trade,SYN_CASH,OFF_no_HYG_LQD_data,
2002-08-30,DEF(cash:synthetic T-bill),0.001405,2311.9778,686.1349,DEF(cash:synthetic T-bill),NEXT_OPEN_regime_no_trade,SYN_CASH,OFF_no_HYG_LQD_data,
2002-09-30,DEF(cash:synthetic T-bill),0.001286,2314.9522,687.0176,DEF(cash:synthetic T-bill),NEXT_OPEN_regime_no_trade,SYN_CASH,OFF_no_HYG_LQD_data,
2002-10-31,DEF(cash:synthetic T-bill),0.001433,2318.2705,688.0024,DEF(cash:synthetic T-bill),NEXT_OPEN_regime_no_trade,SYN_CASH,OFF_no_HYG_LQD_data,
2002-11-29,DEF(cash:synthetic T-bill),0.000975,2320.5306,688.6731,DEF(cash:synthetic T-bill),NEXT_OPEN_regime_no_trade,SYN_CASH,OFF_no_HYG_LQD_data,
2002-12-31,DEF(cash:synthetic T-bill),0.000985,2322.8162,689.3514,DEF(cash:synthetic T-bill),NEXT_OPEN_regime_no_trade,SYN_CASH,OFF_no_HYG_LQD_data,
2003-01-31,DEF(cash:synthetic T-bill),0.000968,2325.0651,690.0188,DEF(cash:synthetic T-bill),NEXT_OPEN_regime_no_trade,SYN_CASH,OFF_no_HYG_LQD_data,
2003-02-28,DEF(cash:synthetic T-bill),0.000873,2327.0955,690.6214,DEF(cash:synthetic T-bill),NEXT_OPEN_regime_no_trade,SYN_CASH,OFF_no_HYG_LQD_data,
2003-03-31,DEF(cash:synthetic T-bill),0.000936,2329.2746,691.2681,DEF(cash:synthetic T-bill),NEXT_OPEN_regime_no_trade,SYN_CASH,OFF_no_HYG_LQD_data,
2003-04-30,QLD,0.009389,2351.1434,697.7582,QLD,NEXT_OPEN_regime_no_trade,SYN_QLD,OFF_no_HYG_LQD_data,
2003-05-30,QLD,0.164804,2738.6208,812.7514,QLD,NEXT_OPEN_regime_no_trade,SYN_QLD,OFF_no_HYG_LQD_data,
2003-06-30,QLD,0.000534,2740.0819,813.1850,QLD,NEXT_OPEN_regime_no_trade,SYN_QLD,OFF_no_HYG_LQD_data,
2003-07-31,QLD,0.121455,3072.8781,911.9503,QLD,NEXT_OPEN_regime_no_trade,SYN_QLD,OFF_no_HYG_LQD_data,
2003-08-29,TQQQ,0.113038,3420.2293,1015.0351,TQQQ,NEXT_OPEN_regime_no_trade,SYN_TQQQ,OFF_no_HYG_LQD_data,
2003-09-30,QLD,-0.066608,3192.4142,947.4255,QLD,NEXT_OPEN_regime_no_trade,SYN_QLD,OFF_no_HYG_LQD_data,
2003-10-31,QLD,0.173531,3746.3973,1111.8333,QLD,NEXT_OPEN_regime_no_trade,SYN_QLD,OFF_no_HYG_LQD_data,
2003-11-28,QLD,0.005870,3768.3894,1118.3600,QLD,NEXT_OPEN_regime_no_trade,SYN_QLD,OFF_no_HYG_LQD_data,
2003-12-31,QLD,0.057243,3984.1037,1182.3783,QLD,NEXT_OPEN_regime_no_trade,SYN_QLD,OFF_no_HYG_LQD_data,
2004-01-30,QLD,-0.000117,3983.6359,1182.2395,QLD,NEXT_OPEN_regime_no_trade,SYN_QLD,OFF_no_HYG_LQD_data,
2004-02-27,QLD,-0.033451,3850.3808,1142.6929,QLD,NEXT_OPEN_regime_no_trade,SYN_QLD,OFF_no_HYG_LQD_data,
2004-03-31,QLD,-0.091853,3496.7127,1037.7334,QLD,NEXT_OPEN_regime_no_trade,SYN_QLD,OFF_no_HYG_LQD_data,
2004-04-30,QLD,-0.056376,3299.5823,979.2302,QLD,NEXT_OPEN_regime_no_trade,SYN_QLD,OFF_no_HYG_LQD_data,
2004-05-28,QLD,0.091000,3599.8432,1068.3398,QLD,NEXT_OPEN_regime_no_trade,SYN_QLD,OFF_no_HYG_LQD_data,
2004-06-30,QLD,0.065446,3835.4384,1138.2583,QLD,NEXT_OPEN_regime_no_trade,SYN_QLD,OFF_no_HYG_LQD_data,
2004-07-30,DEF(cash:synthetic T-bill),-0.179653,3146.3922,933.7674,DEF(cash:synthetic T-bill),NEXT_OPEN_regime_no_trade,SYN_CASH,OFF_no_HYG_LQD_data,
2004-08-31,QLD,0.016745,3199.0770,949.4028,QLD,NEXT_OPEN_regime_no_trade,SYN_QLD,OFF_no_HYG_LQD_data,
2004-09-30,QLD,0.060673,3393.1744,1007.0059,QLD,NEXT_OPEN_regime_no_trade,SYN_QLD,OFF_no_HYG_LQD_data,
2004-10-29,QLD,0.101172,3736.4691,1108.8868,QLD,NEXT_OPEN_regime_no_trade,SYN_QLD,OFF_no_HYG_LQD_data,
2004-11-30,TQQQ,0.121826,4191.6682,1243.9781,TQQQ,NEXT_OPEN_regime_no_trade,SYN_TQQQ,OFF_no_HYG_LQD_data,
2004-12-31,TQQQ,0.079734,4525.8858,1343.1652,TQQQ,NEXT_OPEN_regime_no_trade,SYN_TQQQ,OFF_no_HYG_LQD_data,
2005-01-31,TQQQ,-0.186129,3683.4887,1093.1636,TQQQ,NEXT_OPEN_regime_no_trade,SYN_TQQQ,OFF_no_HYG_LQD_data,
2005-02-28,QLD,-0.014796,3628.9862,1076.9887,QLD,NEXT_OPEN_regime_no_trade,SYN_QLD,OFF_no_HYG_LQD_data,
2005-03-31,TQQQ,-0.044403,3467.8482,1029.1671,TQQQ,NEXT_OPEN_regime_no_trade,SYN_TQQQ,OFF_no_HYG_LQD_data,
2005-04-29,QLD,-0.138092,2988.9645,887.0469,QLD,NEXT_OPEN_regime_no_trade,SYN_QLD,OFF_no_HYG_LQD_data,
2005-05-31,TQQQ,0.190465,3558.2572,1055.9982,TQQQ,NEXT_OPEN_regime_no_trade,SYN_TQQQ,OFF_no_HYG_LQD_data,
2005-06-30,TQQQ,-0.101241,3198.0174,949.0884,TQQQ,NEXT_OPEN_regime_no_trade,SYN_TQQQ,OFF_no_HYG_LQD_data,
2005-07-29,TQQQ,0.229878,3933.1710,1167.2629,TQQQ,NEXT_OPEN_regime_no_trade,SYN_TQQQ,OFF_no_HYG_LQD_data,
2005-08-31,TQQQ,-0.053399,3723.1423,1104.9318,TQQQ,NEXT_OPEN_regime_no_trade,SYN_TQQQ,OFF_no_HYG_LQD_data,
2005-09-30,TQQQ,0.028740,3830.1460,1136.6877,TQQQ,NEXT_OPEN_regime_no_trade,SYN_TQQQ,OFF_no_HYG_LQD_data,
2005-10-31,TQQQ,-0.065831,3578.0047,1061.8587,QLD,NEXT_OPEN_TRADE_TODAY,SYN_TQQQ,OFF_no_HYG_LQD_data,
2005-11-30,TQQQ,0.106116,3957.6881,1174.5389,TQQQ,NEXT_OPEN_regime_no_trade,SYN_TQQQ,OFF_no_HYG_LQD_data,
2005-12-30,TQQQ,-0.058190,3727.3893,1106.1922,TQQQ,NEXT_OPEN_regime_no_trade,SYN_TQQQ,OFF_no_HYG_LQD_data,
2006-01-31,DEF(cash:synthetic T-bill),0.057936,3943.3400,1170.2807,DEF(cash:synthetic T-bill),NEXT_OPEN_regime_no_trade,SYN_CASH,OFF_no_HYG_LQD_data,
2006-02-28,QLD,0.018441,4016.0572,1191.8613,QLD,NEXT_OPEN_regime_no_trade,SYN_QLD,OFF_no_HYG_LQD_data,
2006-03-31,TQQQ,0.050781,4219.9950,1252.3848,TQQQ,NEXT_OPEN_regime_no_trade,SYN_TQQQ,OFF_no_HYG_LQD_data,
2006-04-28,TQQQ,-0.016084,4152.1189,1232.2409,TQQQ,NEXT_OPEN_regime_no_trade,SYN_TQQQ,OFF_no_HYG_LQD_data,
2006-05-31,TQQQ,-0.213451,3265.8447,969.2178,QLD,NEXT_OPEN_TRADE_TODAY,SYN_TQQQ,OFF_no_HYG_LQD_data,
2006-06-30,DEF(cash:synthetic T-bill),0.063293,3472.5504,1030.5626,DEF(cash:synthetic T-bill),NEXT_OPEN_regime_no_trade,SYN_CASH,OFF_no_HYG_LQD_data,
2006-07-31,DEF(cash:synthetic T-bill),0.003919,3486.1586,1034.6012,DEF(cash:synthetic T-bill),NEXT_OPEN_regime_no_trade,SYN_CASH,OFF_no_HYG_LQD_data,
2006-08-31,QLD,0.085308,3783.5570,1122.8613,QLD,NEXT_OPEN_regime_no_trade,REAL_FUND_EXISTED_SERIES_STILL_MODELED_QLD,OFF_no_HYG_LQD_data,
2006-09-29,TQQQ,0.096823,4149.8930,1231.5803,TQQQ,NEXT_OPEN_regime_no_trade,SYN_TQQQ,OFF_no_HYG_LQD_data,
2006-10-31,TQQQ,0.132166,4698.3689,1394.3537,TQQQ,NEXT_OPEN_regime_no_trade,SYN_TQQQ,OFF_no_HYG_LQD_data,
2006-11-30,TQQQ,0.090388,5123.0428,1520.3858,TQQQ,NEXT_OPEN_regime_no_trade,SYN_TQQQ,OFF_no_HYG_LQD_data,
2006-12-29,TQQQ,-0.067049,4779.5493,1418.4459,TQQQ,NEXT_OPEN_regime_no_trade,SYN_TQQQ,OFF_no_HYG_LQD_data,
2007-01-31,TQQQ,0.047087,5004.6064,1485.2370,TQQQ,NEXT_OPEN_regime_no_trade,SYN_TQQQ,OFF_no_HYG_LQD_data,
2007-02-28,TQQQ,-0.069069,4658.9451,1382.6537,QLD,NEXT_OPEN_TRADE_TODAY,SYN_TQQQ,OFF_no_HYG_LQD_data,
2007-03-30,QLD,-0.059696,4380.8245,1300.1148,QLD,NEXT_OPEN_regime_no_trade,REAL_FUND_EXISTED_SERIES_STILL_MODELED_QLD,OFF_no_HYG_LQD_data,
2007-04-30,TQQQ,0.142117,5003.4147,1484.8833,TQQQ,NEXT_OPEN_regime_no_trade,SYN_TQQQ,OFF_no_HYG_LQD_data,
2007-05-31,TQQQ,0.085909,5433.2509,1612.4475,TQQQ,NEXT_OPEN_regime_no_trade,SYN_TQQQ,ON,
2007-06-29,TQQQ,-0.003323,5415.1944,1607.0888,TQQQ,NEXT_OPEN_regime_no_trade,SYN_TQQQ,ON,
2007-07-31,TQQQ,-0.018316,5316.0098,1577.6534,TQQQ,NEXT_OPEN_regime_no_trade,SYN_TQQQ,ON,
2007-08-31,DEF(cash:synthetic T-bill),0.021463,5430.1066,1611.5144,DEF(cash:synthetic T-bill),NEXT_OPEN_regime_no_trade,SYN_CASH,ON,
2007-09-28,QLD,-0.005022,5402.8378,1603.4217,QLD,NEXT_OPEN_regime_no_trade,REAL_FUND_EXISTED_SERIES_STILL_MODELED_QLD,ON,
2007-10-31,DEF(cash:synthetic T-bill),0.095294,5917.6933,1756.2174,DEF(cash:synthetic T-bill),NEXT_OPEN_regime_no_trade,SYN_CASH,ON,
2007-11-30,DEF(cash:synthetic T-bill),0.002711,5933.7340,1760.9779,DEF(cash:synthetic T-bill),NEXT_OPEN_regime_no_trade,SYN_CASH,ON,
2007-12-31,DEF(cash:synthetic T-bill),0.002355,5947.7091,1765.1254,DEF(cash:synthetic T-bill),NEXT_OPEN_regime_no_trade,SYN_CASH,ON,
2008-01-31,DEF(cash:synthetic T-bill),0.002275,5961.2430,1769.1419,DEF(cash:synthetic T-bill),NEXT_OPEN_regime_no_trade,SYN_CASH,ON,
2008-02-29,DEF(cash:synthetic T-bill),0.001670,5971.1969,1772.0959,DEF(cash:synthetic T-bill),NEXT_OPEN_regime_no_trade,SYN_CASH,ON,
2008-03-31,DEF(cash:synthetic T-bill),0.000974,5977.0121,1773.8217,DEF(cash:synthetic T-bill),NEXT_OPEN_regime_no_trade,SYN_CASH,ON,
2008-04-30,DEF(cash:synthetic T-bill),0.001109,5983.6425,1775.7894,DEF(cash:synthetic T-bill),NEXT_OPEN_regime_no_trade,SYN_CASH,ON,
2008-05-30,QLD,0.048493,6273.8050,1861.9021,QLD,NEXT_OPEN_regime_no_trade,REAL_FUND_EXISTED_SERIES_STILL_MODELED_QLD,ON,
2008-06-30,DEF(cash:synthetic T-bill),-0.037284,6039.8935,1792.4833,DEF(cash:synthetic T-bill),NEXT_OPEN_regime_no_trade,SYN_CASH,ON,
2008-07-31,DEF(cash:synthetic T-bill),0.001403,6048.3694,1794.9987,DEF(cash:synthetic T-bill),NEXT_OPEN_regime_no_trade,SYN_CASH,ON,
2008-08-29,DEF(cash:synthetic T-bill),0.001422,6056.9702,1797.5512,DEF(cash:synthetic T-bill),NEXT_OPEN_regime_no_trade,SYN_CASH,ON,
2008-09-30,DEF(cash:synthetic T-bill),0.000884,6062.3227,1799.1397,DEF(cash:synthetic T-bill),NEXT_OPEN_regime_no_trade,SYN_CASH,ON,
2008-10-31,DEF(cash:synthetic T-bill),0.000558,6065.7048,1800.1434,DEF(cash:synthetic T-bill),NEXT_OPEN_regime_no_trade,SYN_CASH,ON,
2008-11-28,DEF(cash:synthetic T-bill),0.000126,6066.4667,1800.3695,DEF(cash:synthetic T-bill),NEXT_OPEN_regime_no_trade,SYN_CASH,ON,
2008-12-31,DEF(cash:synthetic T-bill),0.000016,6066.5654,1800.3988,DEF(cash:synthetic T-bill),NEXT_OPEN_regime_no_trade,SYN_CASH,ON,
2009-01-30,DEF(cash:synthetic T-bill),0.000091,6067.1167,1800.5624,DEF(cash:synthetic T-bill),NEXT_OPEN_regime_no_trade,SYN_CASH,ON,
2009-02-27,DEF(cash:synthetic T-bill),0.000213,6068.4085,1800.9458,DEF(cash:synthetic T-bill),NEXT_OPEN_regime_no_trade,SYN_CASH,ON,
2009-03-31,DEF(cash:synthetic T-bill),0.000174,6069.4633,1801.2588,DEF(cash:synthetic T-bill),NEXT_OPEN_regime_no_trade,SYN_CASH,ON,
2009-04-30,DEF(cash:synthetic T-bill),0.000122,6070.2040,1801.4786,DEF(cash:synthetic T-bill),NEXT_OPEN_regime_no_trade,SYN_CASH,ON,
2009-05-29,DEF(cash:synthetic T-bill),0.000130,6070.9941,1801.7131,DEF(cash:synthetic T-bill),NEXT_OPEN_regime_no_trade,SYN_CASH,ON,
2009-06-30,QLD,-0.038270,5838.6548,1732.7609,QLD,NEXT_OPEN_regime_no_trade,REAL_FUND_EXISTED_SERIES_STILL_MODELED_QLD,ON,
2009-07-31,QLD,0.198004,6994.7345,2075.8552,QLD,NEXT_OPEN_regime_no_trade,REAL_FUND_EXISTED_SERIES_STILL_MODELED_QLD,ON,
2009-08-31,QLD,-0.007932,6939.2502,2059.3890,QLD,NEXT_OPEN_regime_no_trade,REAL_FUND_EXISTED_SERIES_STILL_MODELED_QLD,ON,
2009-09-30,TQQQ,0.128607,7831.6890,2324.2416,TQQQ,NEXT_OPEN_regime_no_trade,SYN_TQQQ,ON,
2009-10-30,TQQQ,-0.135085,6773.7488,2010.2725,TQQQ,NEXT_OPEN_regime_no_trade,SYN_TQQQ,ON,
2009-11-30,QLD,0.120573,7590.4809,2252.6573,QLD,NEXT_OPEN_regime_no_trade,REAL_FUND_EXISTED_SERIES_STILL_MODELED_QLD,ON,
2009-12-31,TQQQ,0.159016,8797.4881,2610.8656,TQQQ,NEXT_OPEN_regime_no_trade,SYN_TQQQ,ON,
2010-01-29,QLD,-0.111600,7815.6869,2319.4926,DEF(cash:synthetic T-bill),NEXT_OPEN_TRADE_TODAY,REAL_FUND_EXISTED_SERIES_STILL_MODELED_QLD,ON,
2010-02-26,QLD,0.010099,7894.6214,2342.9183,QLD,NEXT_OPEN_regime_no_trade,REAL_FUND_EXISTED_SERIES_STILL_MODELED_QLD,ON,
2010-03-31,TQQQ,0.238703,9779.0945,2902.1809,TQQQ,NEXT_OPEN_regime_no_trade,REAL_FUND_EXISTED_SERIES_STILL_MODELED_TQQQ,ON,
2010-04-30,TQQQ,0.059261,10358.6145,3074.1673,TQQQ,NEXT_OPEN_regime_no_trade,REAL_FUND_EXISTED_SERIES_STILL_MODELED_TQQQ,ON,
2010-05-28,DEF(cash:synthetic T-bill),-0.118458,9131.5500,2710.0065,DEF(cash:synthetic T-bill),NEXT_OPEN_regime_no_trade,SYN_CASH,ON,
2010-06-30,DEF(cash:synthetic T-bill),0.000098,9132.4488,2710.2732,DEF(cash:synthetic T-bill),NEXT_OPEN_regime_no_trade,SYN_CASH,ON,
2010-07-30,QLD,-0.021331,8937.6431,2652.4600,QLD,NEXT_OPEN_regime_no_trade,REAL_FUND_EXISTED_SERIES_STILL_MODELED_QLD,ON,
2010-08-31,DEF(cash:synthetic T-bill),-0.035108,8623.8634,2559.3383,DEF(cash:synthetic T-bill),NEXT_OPEN_regime_no_trade,SYN_CASH,ON,
2010-09-30,TQQQ,0.081173,9323.8897,2767.0879,TQQQ,NEXT_OPEN_regime_no_trade,REAL_FUND_EXISTED_SERIES_STILL_MODELED_TQQQ,ON,
2010-10-29,TQQQ,0.194333,11135.8322,3304.8253,TQQQ,NEXT_OPEN_regime_no_trade,REAL_FUND_EXISTED_SERIES_STILL_MODELED_TQQQ,ON,
2010-11-30,QLD,-0.003820,11093.2987,3292.2025,QLD,NEXT_OPEN_regime_no_trade,REAL_FUND_EXISTED_SERIES_STILL_MODELED_QLD,ON,
2010-12-31,TQQQ,0.093093,12126.0116,3598.6848,TQQQ,NEXT_OPEN_regime_no_trade,REAL_FUND_EXISTED_SERIES_STILL_MODELED_TQQQ,ON,
2011-01-31,TQQQ,0.082582,13127.3996,3895.8707,TQQQ,NEXT_OPEN_regime_no_trade,REAL_FUND_EXISTED_SERIES_STILL_MODELED_TQQQ,ON,
2011-02-28,TQQQ,0.086794,14266.7832,4234.0101,TQQQ,NEXT_OPEN_regime_no_trade,REAL_FUND_EXISTED_SERIES_STILL_MODELED_TQQQ,ON,
2011-03-31,QLD,-0.007247,14163.3960,4203.3275,QLD,NEXT_OPEN_regime_no_trade,REAL_FUND_EXISTED_SERIES_STILL_MODELED_QLD,ON,
2011-04-29,TQQQ,0.085478,15374.0556,4562.6198,TQQQ,NEXT_OPEN_regime_no_trade,REAL_FUND_EXISTED_SERIES_STILL_MODELED_TQQQ,ON,
2011-05-31,TQQQ,-0.043713,14702.0051,4363.1727,TQQQ,NEXT_OPEN_regime_no_trade,REAL_FUND_EXISTED_SERIES_STILL_MODELED_TQQQ,ON,
2011-06-30,QLD,-0.099384,13240.8588,3929.5425,QLD,NEXT_OPEN_regime_no_trade,REAL_FUND_EXISTED_SERIES_STILL_MODELED_QLD,ON,
2011-07-29,QLD,0.029200,13627.4952,4044.2861,QLD,NEXT_OPEN_regime_no_trade,REAL_FUND_EXISTED_SERIES_STILL_MODELED_QLD,ON,
2011-08-31,DEF(cash:synthetic T-bill),-0.057379,12845.5634,3812.2291,DEF(cash:synthetic T-bill),NEXT_OPEN_regime_no_trade,SYN_CASH,ON,
2011-09-30,DEF(cash:synthetic T-bill),0.000007,12845.6475,3812.2540,DEF(cash:synthetic T-bill),NEXT_OPEN_regime_no_trade,SYN_CASH,ON,
2011-10-31,DEF(cash:synthetic T-bill),0.000010,12845.7750,3812.2919,DEF(cash:synthetic T-bill),NEXT_OPEN_regime_no_trade,SYN_CASH,ON,
2011-11-30,DEF(cash:synthetic T-bill),0.000006,12845.8540,3812.3153,DEF(cash:synthetic T-bill),NEXT_OPEN_regime_no_trade,SYN_CASH,ON,
2011-12-30,QLD,0.020086,13103.8766,3888.8897,QLD,NEXT_OPEN_regime_no_trade,REAL_FUND_EXISTED_SERIES_STILL_MODELED_QLD,ON,
2012-01-31,TQQQ,0.218223,15963.4425,4737.5345,TQQQ,NEXT_OPEN_regime_no_trade,REAL_FUND_EXISTED_SERIES_STILL_MODELED_TQQQ,ON,
2012-02-29,TQQQ,0.196421,19098.9953,5668.0850,TQQQ,NEXT_OPEN_regime_no_trade,REAL_FUND_EXISTED_SERIES_STILL_MODELED_TQQQ,ON,
2012-03-30,TQQQ,0.153517,22031.0108,6538.2309,TQQQ,NEXT_OPEN_regime_no_trade,REAL_FUND_EXISTED_SERIES_STILL_MODELED_TQQQ,ON,
2012-04-30,QLD,-0.047020,20995.1067,6230.8015,QLD,NEXT_OPEN_regime_no_trade,REAL_FUND_EXISTED_SERIES_STILL_MODELED_QLD,ON,
2012-05-31,DEF(cash:synthetic T-bill),-0.073644,19448.9439,5771.9406,DEF(cash:synthetic T-bill),NEXT_OPEN_regime_no_trade,SYN_CASH,ON,
2012-06-29,QLD,0.118274,21749.2426,6454.6095,QLD,NEXT_OPEN_regime_no_trade,REAL_FUND_EXISTED_SERIES_STILL_MODELED_QLD,ON,
2012-07-31,QLD,0.017426,22128.2379,6567.0854,QLD,NEXT_OPEN_regime_no_trade,REAL_FUND_EXISTED_SERIES_STILL_MODELED_QLD,ON,
2012-08-31,TQQQ,0.116517,24706.5600,7332.2643,TQQQ,NEXT_OPEN_regime_no_trade,REAL_FUND_EXISTED_SERIES_STILL_MODELED_TQQQ,ON,
2012-09-28,TQQQ,0.023900,25297.0409,7507.5037,TQQQ,NEXT_OPEN_regime_no_trade,REAL_FUND_EXISTED_SERIES_STILL_MODELED_TQQQ,ON,
2012-10-31,TQQQ,-0.158644,21283.8055,6316.4798,TQQQ,NEXT_OPEN_regime_no_trade,REAL_FUND_EXISTED_SERIES_STILL_MODELED_TQQQ,ON,
2012-11-30,QLD,0.006280,21417.4750,6356.1495,QLD,NEXT_OPEN_regime_no_trade,REAL_FUND_EXISTED_SERIES_STILL_MODELED_QLD,ON,
2012-12-31,TQQQ,-0.008269,21240.3694,6303.5891,TQQQ,NEXT_OPEN_regime_no_trade,REAL_FUND_EXISTED_SERIES_STILL_MODELED_TQQQ,ON,
2013-01-31,TQQQ,0.081478,22970.9994,6817.1951,TQQQ,NEXT_OPEN_regime_no_trade,REAL_FUND_EXISTED_SERIES_STILL_MODELED_TQQQ,ON,
2013-02-28,TQQQ,0.002035,23017.7439,6831.0676,TQQQ,NEXT_OPEN_regime_no_trade,REAL_FUND_EXISTED_SERIES_STILL_MODELED_TQQQ,ON,
2013-03-28,TQQQ,0.087389,25029.2386,7428.0269,TQQQ,NEXT_OPEN_regime_no_trade,REAL_FUND_EXISTED_SERIES_STILL_MODELED_TQQQ,ON,
2013-04-30,QLD,0.013754,25373.5028,7530.1956,QLD,NEXT_OPEN_regime_no_trade,REAL_FUND_EXISTED_SERIES_STILL_MODELED_QLD,ON,
2013-05-31,TQQQ,0.071145,27178.7032,8065.9321,TQQQ,NEXT_OPEN_regime_no_trade,REAL_FUND_EXISTED_SERIES_STILL_MODELED_TQQQ,ON,
2013-06-28,TQQQ,-0.077192,25080.7376,7443.3105,TQQQ,NEXT_OPEN_regime_no_trade,REAL_FUND_EXISTED_SERIES_STILL_MODELED_TQQQ,ON,
2013-07-31,TQQQ,0.193742,29939.9197,8885.3894,TQQQ,NEXT_OPEN_regime_no_trade,REAL_FUND_EXISTED_SERIES_STILL_MODELED_TQQQ,ON,
2013-08-30,TQQQ,-0.020507,29325.9482,8703.1786,TQQQ,NEXT_OPEN_regime_no_trade,REAL_FUND_EXISTED_SERIES_STILL_MODELED_TQQQ,ON,
2013-09-30,TQQQ,0.144606,33566.6616,9961.7120,TQQQ,NEXT_OPEN_regime_no_trade,REAL_FUND_EXISTED_SERIES_STILL_MODELED_TQQQ,ON,
2013-10-31,TQQQ,0.103086,37026.9032,10988.6217,TQQQ,NEXT_OPEN_regime_no_trade,REAL_FUND_EXISTED_SERIES_STILL_MODELED_TQQQ,ON,
2013-11-29,TQQQ,0.096510,40600.3586,12049.1303,TQQQ,NEXT_OPEN_regime_no_trade,REAL_FUND_EXISTED_SERIES_STILL_MODELED_TQQQ,ON,
2013-12-31,TQQQ,0.089098,44217.7896,13122.6897,TQQQ,NEXT_OPEN_regime_no_trade,REAL_FUND_EXISTED_SERIES_STILL_MODELED_TQQQ,ON,
2014-01-31,QLD,-0.074938,40904.2044,12139.3038,DEF(cash:synthetic T-bill),NEXT_OPEN_TRADE_TODAY,REAL_FUND_EXISTED_SERIES_STILL_MODELED_QLD,ON,
2014-02-28,TQQQ,0.006939,41188.0441,12223.5401,TQQQ,NEXT_OPEN_regime_no_trade,REAL_FUND_EXISTED_SERIES_STILL_MODELED_TQQQ,ON,
2014-03-31,TQQQ,-0.083807,37736.2149,11199.1270,TQQQ,NEXT_OPEN_regime_no_trade,REAL_FUND_EXISTED_SERIES_STILL_MODELED_TQQQ,ON,
2014-04-30,DEF(cash:synthetic T-bill),-0.022435,36889.6043,10947.8750,DEF(cash:synthetic T-bill),NEXT_OPEN_regime_no_trade,SYN_CASH,ON,
2014-05-30,TQQQ,0.143391,42179.2482,12517.7037,TQQQ,NEXT_OPEN_regime_no_trade,REAL_FUND_EXISTED_SERIES_STILL_MODELED_TQQQ,ON,
2014-06-30,TQQQ,0.091226,46027.1060,13659.6478,TQQQ,NEXT_OPEN_regime_no_trade,REAL_FUND_EXISTED_SERIES_STILL_MODELED_TQQQ,ON,
2014-07-31,TQQQ,0.028227,47326.2976,14045.2140,TQQQ,NEXT_OPEN_regime_no_trade,REAL_FUND_EXISTED_SERIES_STILL_MODELED_TQQQ,ON,
2014-08-29,TQQQ,0.150893,54467.5201,16164.5431,TQQQ,NEXT_OPEN_regime_no_trade,REAL_FUND_EXISTED_SERIES_STILL_MODELED_TQQQ,ON,
2014-09-30,TQQQ,-0.028708,52903.8399,15700.4835,TQQQ,NEXT_OPEN_regime_no_trade,REAL_FUND_EXISTED_SERIES_STILL_MODELED_TQQQ,ON,
2014-10-31,DEF(cash:synthetic T-bill),-0.012782,52227.6094,15499.7959,DEF(cash:synthetic T-bill),NEXT_OPEN_regime_no_trade,SYN_CASH,ON,
2014-11-28,TQQQ,0.120978,58546.0041,17374.9311,TQQQ,NEXT_OPEN_regime_no_trade,REAL_FUND_EXISTED_SERIES_STILL_MODELED_TQQQ,ON,
2014-12-31,DEF(cash:synthetic T-bill),-0.050804,55571.6344,16492.2155,DEF(cash:synthetic T-bill),NEXT_OPEN_regime_no_trade,SYN_CASH,ON,
2015-01-30,DEF(cash:synthetic T-bill),0.000012,55572.3004,16492.4132,DEF(cash:synthetic T-bill),NEXT_OPEN_regime_no_trade,SYN_CASH,ON,
2015-02-27,TQQQ,0.030922,57290.7104,17002.3926,TQQQ,NEXT_OPEN_regime_no_trade,REAL_FUND_EXISTED_SERIES_STILL_MODELED_TQQQ,ON,
2015-03-31,TQQQ,-0.076796,52891.0145,15696.6773,TQQQ,NEXT_OPEN_regime_no_trade,REAL_FUND_EXISTED_SERIES_STILL_MODELED_TQQQ,ON,
2015-04-30,TQQQ,0.051900,55636.0356,16511.3281,TQQQ,NEXT_OPEN_regime_no_trade,REAL_FUND_EXISTED_SERIES_STILL_MODELED_TQQQ,ON,
2015-05-29,QLD,0.041050,57919.9155,17189.1243,QLD,NEXT_OPEN_regime_no_trade,REAL_FUND_EXISTED_SERIES_STILL_MODELED_QLD,ON,
2015-06-30,TQQQ,-0.075548,53544.1986,15890.5253,TQQQ,NEXT_OPEN_regime_no_trade,REAL_FUND_EXISTED_SERIES_STILL_MODELED_TQQQ,ON,
2015-07-31,QLD,0.110747,59474.0336,17650.3461,QLD,NEXT_OPEN_regime_no_trade,REAL_FUND_EXISTED_SERIES_STILL_MODELED_QLD,ON,
2015-08-31,DEF(cash:synthetic T-bill),-0.305931,41279.1103,12250.5662,DEF(cash:synthetic T-bill),NEXT_OPEN_regime_no_trade,SYN_CASH,ON,
2015-09-30,DEF(cash:synthetic T-bill),0.000016,41279.7901,12250.7679,DEF(cash:synthetic T-bill),NEXT_OPEN_regime_no_trade,SYN_CASH,ON,
2015-10-30,QLD,0.087390,44887.2469,13321.3673,QLD,NEXT_OPEN_regime_no_trade,REAL_FUND_EXISTED_SERIES_STILL_MODELED_QLD,ON,
2015-11-30,QLD,0.004520,45090.1306,13381.5779,QLD,NEXT_OPEN_regime_no_trade,REAL_FUND_EXISTED_SERIES_STILL_MODELED_QLD,ON,
2015-12-31,QLD,-0.044774,43071.2824,12782.4362,QLD,NEXT_OPEN_regime_no_trade,REAL_FUND_EXISTED_SERIES_STILL_MODELED_QLD,ON,
2016-01-29,DEF(cash:synthetic T-bill),-0.035376,41547.5820,12330.2416,DEF(cash:synthetic T-bill),NEXT_OPEN_regime_no_trade,SYN_CASH,ON,
2016-02-29,DEF(cash:synthetic T-bill),0.003869,41708.3434,12377.9514,DEF(cash:synthetic T-bill),NEXT_OPEN_regime_no_trade,SYN_CASH,ON,
2016-03-31,QLD,0.079978,45044.0836,13367.9123,TQQQ,NEXT_OPEN_TRADE_TODAY,REAL_FUND_EXISTED_SERIES_STILL_MODELED_QLD,ON,
2016-04-29,TQQQ,-0.097482,40653.0951,12064.7811,TQQQ,NEXT_OPEN_regime_no_trade,REAL_FUND_EXISTED_SERIES_STILL_MODELED_TQQQ,ON,
2016-05-31,TQQQ,0.124987,45734.1866,13572.7169,TQQQ,NEXT_OPEN_regime_no_trade,REAL_FUND_EXISTED_SERIES_STILL_MODELED_TQQQ,ON,
2016-06-30,DEF(cash:synthetic T-bill),-0.166075,38138.8790,11318.6272,QLD,NEXT_OPEN_TRADE_TODAY,SYN_CASH,ON,
2016-07-29,TQQQ,0.168798,44576.6318,13229.1848,TQQQ,NEXT_OPEN_regime_no_trade,REAL_FUND_EXISTED_SERIES_STILL_MODELED_TQQQ,ON,
2016-08-31,TQQQ,0.023554,45626.6095,13540.7908,TQQQ,NEXT_OPEN_regime_no_trade,REAL_FUND_EXISTED_SERIES_STILL_MODELED_TQQQ,ON,
2016-09-30,TQQQ,0.059711,48351.0301,14349.3280,TQQQ,NEXT_OPEN_regime_no_trade,REAL_FUND_EXISTED_SERIES_STILL_MODELED_TQQQ,ON,
2016-10-31,TQQQ,-0.048240,46018.5633,13657.1125,TQQQ,NEXT_OPEN_regime_no_trade,REAL_FUND_EXISTED_SERIES_STILL_MODELED_TQQQ,ON,
2016-11-30,TQQQ,-0.001112,45967.4000,13641.9286,TQQQ,NEXT_OPEN_regime_no_trade,REAL_FUND_EXISTED_SERIES_STILL_MODELED_TQQQ,ON,
2016-12-30,TQQQ,0.028455,47275.3834,14030.1040,TQQQ,NEXT_OPEN_regime_no_trade,REAL_FUND_EXISTED_SERIES_STILL_MODELED_TQQQ,ON,
2017-01-31,TQQQ,0.160905,54882.2239,16287.6164,TQQQ,NEXT_OPEN_regime_no_trade,REAL_FUND_EXISTED_SERIES_STILL_MODELED_TQQQ,ON,
2017-02-28,TQQQ,0.128021,61908.3237,18372.7801,TQQQ,NEXT_OPEN_regime_no_trade,REAL_FUND_EXISTED_SERIES_STILL_MODELED_TQQQ,ON,
2017-03-31,TQQQ,0.056660,65416.0310,19413.7764,TQQQ,NEXT_OPEN_regime_no_trade,REAL_FUND_EXISTED_SERIES_STILL_MODELED_TQQQ,ON,
2017-04-28,TQQQ,0.080023,70650.8110,20967.3229,TQQQ,NEXT_OPEN_regime_no_trade,REAL_FUND_EXISTED_SERIES_STILL_MODELED_TQQQ,ON,
2017-05-31,TQQQ,0.108208,78295.7771,23236.1500,TQQQ,NEXT_OPEN_regime_no_trade,REAL_FUND_EXISTED_SERIES_STILL_MODELED_TQQQ,ON,
2017-06-30,DEF(cash:synthetic T-bill),-0.030488,75908.6573,22527.7149,DEF(cash:synthetic T-bill),NEXT_OPEN_regime_no_trade,SYN_CASH,ON,
2017-07-31,TQQQ,-0.024534,74046.3244,21975.0229,TQQQ,NEXT_OPEN_regime_no_trade,REAL_FUND_EXISTED_SERIES_STILL_MODELED_TQQQ,ON,
2017-08-31,DEF(cash:synthetic T-bill),-0.047585,70522.8497,20929.3473,DEF(cash:synthetic T-bill),NEXT_OPEN_regime_no_trade,SYN_CASH,ON,
2017-09-29,TQQQ,0.014854,71570.3990,21240.2327,TQQQ,NEXT_OPEN_regime_no_trade,REAL_FUND_EXISTED_SERIES_STILL_MODELED_TQQQ,ON,
2017-10-31,QLD,0.127777,80715.4272,23954.2392,QLD,NEXT_OPEN_regime_no_trade,REAL_FUND_EXISTED_SERIES_STILL_MODELED_QLD,ON,
2017-11-30,TQQQ,0.041015,84025.9964,24936.7300,TQQQ,NEXT_OPEN_regime_no_trade,REAL_FUND_EXISTED_SERIES_STILL_MODELED_TQQQ,ON,
2017-12-29,TQQQ,-0.019102,82420.9184,24460.3846,TQQQ,NEXT_OPEN_regime_no_trade,REAL_FUND_EXISTED_SERIES_STILL_MODELED_TQQQ,ON,
2018-01-31,TQQQ,0.273776,104985.7947,31157.0529,TQQQ,NEXT_OPEN_regime_no_trade,REAL_FUND_EXISTED_SERIES_STILL_MODELED_TQQQ,ON,
2018-02-28,DEF(cash:synthetic T-bill),-0.191486,84882.4510,25190.9035,DEF(cash:synthetic T-bill),NEXT_OPEN_regime_no_trade,SYN_CASH,ON,
2018-03-29,DEF(cash:synthetic T-bill),0.001401,85001.3489,25226.1892,DEF(cash:synthetic T-bill),NEXT_OPEN_regime_no_trade,SYN_CASH,ON,
2018-04-30,DEF(cash:synthetic T-bill),0.001447,85124.3144,25262.6822,DEF(cash:synthetic T-bill),NEXT_OPEN_regime_no_trade,SYN_CASH,ON,
2018-05-31,TQQQ,0.033582,87982.9838,26111.0609,TQQQ,NEXT_OPEN_regime_no_trade,REAL_FUND_EXISTED_SERIES_STILL_MODELED_TQQQ,ON,
2018-06-29,TQQQ,0.022935,90000.9045,26709.9273,TQQQ,NEXT_OPEN_regime_no_trade,REAL_FUND_EXISTED_SERIES_STILL_MODELED_TQQQ,ON,
2018-07-31,TQQQ,0.072715,96545.2784,28652.1272,TQQQ,NEXT_OPEN_regime_no_trade,REAL_FUND_EXISTED_SERIES_STILL_MODELED_TQQQ,ON,
2018-08-31,TQQQ,0.177220,113655.0687,33729.8679,TQQQ,NEXT_OPEN_regime_no_trade,REAL_FUND_EXISTED_SERIES_STILL_MODELED_TQQQ,ON,
2018-09-28,TQQQ,-0.017233,111696.4131,33148.5899,TQQQ,NEXT_OPEN_regime_no_trade,REAL_FUND_EXISTED_SERIES_STILL_MODELED_TQQQ,ON,
2018-10-31,DEF(cash:synthetic T-bill),-0.213062,87898.1388,26085.8811,DEF(cash:synthetic T-bill),NEXT_OPEN_regime_no_trade,SYN_CASH,ON,
2018-11-30,DEF(cash:synthetic T-bill),0.001928,88067.6237,26136.1798,DEF(cash:synthetic T-bill),NEXT_OPEN_regime_no_trade,SYN_CASH,ON,
2018-12-31,DEF(cash:synthetic T-bill),0.001768,88223.3121,26182.3841,DEF(cash:synthetic T-bill),NEXT_OPEN_regime_no_trade,SYN_CASH,ON,
2019-01-31,DEF(cash:synthetic T-bill),0.021048,90080.2331,26733.4700,QLD,NEXT_OPEN_TRADE_TODAY,SYN_CASH,ON,
2019-02-28,QLD,0.052507,94810.0839,28137.1666,QLD,NEXT_OPEN_regime_no_trade,REAL_FUND_EXISTED_SERIES_STILL_MODELED_QLD,ON,
2019-03-29,TQQQ,0.082831,102663.3060,30467.7987,TQQQ,NEXT_OPEN_regime_no_trade,REAL_FUND_EXISTED_SERIES_STILL_MODELED_TQQQ,ON,
2019-04-30,TQQQ,0.165215,119624.8388,35501.5404,TQQQ,NEXT_OPEN_regime_no_trade,REAL_FUND_EXISTED_SERIES_STILL_MODELED_TQQQ,ON,
2019-05-31,DEF(cash:synthetic T-bill),-0.162938,100133.3989,29716.9881,DEF(cash:synthetic T-bill),NEXT_OPEN_regime_no_trade,SYN_CASH,ON,
2019-06-28,TQQQ,0.113958,111544.4398,33103.4882,TQQQ,NEXT_OPEN_regime_no_trade,REAL_FUND_EXISTED_SERIES_STILL_MODELED_TQQQ,ON,
2019-07-31,TQQQ,0.062609,118528.0796,35176.0508,TQQQ,NEXT_OPEN_regime_no_trade,REAL_FUND_EXISTED_SERIES_STILL_MODELED_TQQQ,ON,
2019-08-30,DEF(cash:synthetic T-bill),-0.134699,102562.4219,30437.8589,DEF(cash:synthetic T-bill),NEXT_OPEN_regime_no_trade,SYN_CASH,ON,
2019-09-30,TQQQ,-0.046996,97742.4441,29007.4149,TQQQ,NEXT_OPEN_regime_no_trade,REAL_FUND_EXISTED_SERIES_STILL_MODELED_TQQQ,ON,
2019-10-31,TQQQ,0.095469,107073.8083,31776.7210,TQQQ,NEXT_OPEN_regime_no_trade,REAL_FUND_EXISTED_SERIES_STILL_MODELED_TQQQ,ON,
2019-11-29,TQQQ,0.118289,119739.4225,35535.5459,TQQQ,NEXT_OPEN_regime_no_trade,REAL_FUND_EXISTED_SERIES_STILL_MODELED_TQQQ,ON,
2019-12-31,TQQQ,0.116110,133642.3260,39661.5660,TQQQ,NEXT_OPEN_regime_no_trade,REAL_FUND_EXISTED_SERIES_STILL_MODELED_TQQQ,ON,
2020-01-31,TQQQ,0.081947,144593.8601,42911.6964,TQQQ,NEXT_OPEN_regime_no_trade,REAL_FUND_EXISTED_SERIES_STILL_MODELED_TQQQ,ON,
2020-02-28,DEF(cash:synthetic T-bill),0.084377,156794.2013,46532.4403,DEF(cash:synthetic T-bill),NEXT_OPEN_regime_no_trade,SYN_CASH,ON,
2020-03-31,DEF(cash:synthetic T-bill),0.000213,156827.6227,46542.3589,DEF(cash:synthetic T-bill),NEXT_OPEN_regime_no_trade,SYN_CASH,ON,
2020-04-30,DEF(cash:synthetic T-bill),0.000090,156841.7751,46546.5590,DEF(cash:synthetic T-bill),NEXT_OPEN_regime_no_trade,SYN_CASH,ON,
2020-05-29,QLD,0.013754,158998.9013,47186.7379,QLD,NEXT_OPEN_regime_no_trade,REAL_FUND_EXISTED_SERIES_STILL_MODELED_QLD,ON,
2020-06-30,QLD,0.081605,171973.9707,51037.4010,DEF(cash:synthetic T-bill),NEXT_OPEN_TRADE_TODAY,REAL_FUND_EXISTED_SERIES_STILL_MODELED_QLD,ON,
2020-07-31,QLD,0.076882,185195.6649,54961.2559,QLD,NEXT_OPEN_regime_no_trade,REAL_FUND_EXISTED_SERIES_STILL_MODELED_QLD,ON,
2020-08-31,QLD,0.228761,227561.2356,67534.2553,QLD,NEXT_OPEN_regime_no_trade,REAL_FUND_EXISTED_SERIES_STILL_MODELED_QLD,ON,
2020-09-30,DEF(cash:synthetic T-bill),-0.162701,190536.7389,56546.3478,DEF(cash:synthetic T-bill),NEXT_OPEN_regime_no_trade,SYN_CASH,ON,
2020-10-30,QLD,-0.092342,172942.2683,51324.7666,QLD,NEXT_OPEN_regime_no_trade,REAL_FUND_EXISTED_SERIES_STILL_MODELED_QLD,ON,
2020-11-30,QLD,0.225291,211904.6687,62887.7935,QLD,NEXT_OPEN_regime_no_trade,REAL_FUND_EXISTED_SERIES_STILL_MODELED_QLD,ON,
2020-12-31,TQQQ,0.136046,240733.4711,71443.4321,TQQQ,NEXT_OPEN_regime_no_trade,REAL_FUND_EXISTED_SERIES_STILL_MODELED_TQQQ,ON,
2021-01-29,QLD,0.018019,245071.2782,72730.7804,QLD,NEXT_OPEN_regime_no_trade,REAL_FUND_EXISTED_SERIES_STILL_MODELED_QLD,ON,
2021-02-26,QLD,-0.006573,243460.4797,72252.7374,QLD,NEXT_OPEN_regime_no_trade,REAL_FUND_EXISTED_SERIES_STILL_MODELED_QLD,ON,
2021-03-31,DEF(cash:synthetic T-bill),-0.045403,232406.5476,68972.2179,QLD,NEXT_OPEN_TRADE_TODAY,SYN_CASH,ON,
2021-04-30,QLD,0.117686,259757.5168,77089.2740,QLD,NEXT_OPEN_regime_no_trade,REAL_FUND_EXISTED_SERIES_STILL_MODELED_QLD,ON,
2021-05-28,QLD,-0.028915,252246.5455,74860.2131,QLD,NEXT_OPEN_regime_no_trade,REAL_FUND_EXISTED_SERIES_STILL_MODELED_QLD,ON,
2021-06-30,TQQQ,0.185437,299022.3776,88742.0633,TQQQ,NEXT_OPEN_regime_no_trade,REAL_FUND_EXISTED_SERIES_STILL_MODELED_TQQQ,ON,
2021-07-30,TQQQ,0.081651,323437.9892,95987.9818,TQQQ,NEXT_OPEN_regime_no_trade,REAL_FUND_EXISTED_SERIES_STILL_MODELED_TQQQ,ON,
2021-08-31,TQQQ,0.125867,364148.2065,108069.7153,TQQQ,NEXT_OPEN_regime_no_trade,REAL_FUND_EXISTED_SERIES_STILL_MODELED_TQQQ,ON,
2021-09-30,TQQQ,-0.167800,303044.1362,89935.6167,TQQQ,NEXT_OPEN_regime_no_trade,REAL_FUND_EXISTED_SERIES_STILL_MODELED_TQQQ,ON,
2021-10-29,TQQQ,0.164383,352859.5781,104719.5440,TQQQ,NEXT_OPEN_regime_no_trade,REAL_FUND_EXISTED_SERIES_STILL_MODELED_TQQQ,ON,
2021-11-30,TQQQ,0.046872,369398.6378,109627.9067,TQQQ,NEXT_OPEN_regime_no_trade,REAL_FUND_EXISTED_SERIES_STILL_MODELED_TQQQ,ON,
2021-12-31,DEF(cash:synthetic T-bill),0.032671,381467.3290,113209.5803,DEF(cash:synthetic T-bill),NEXT_OPEN_regime_no_trade,SYN_CASH,ON,
2022-01-31,DEF(cash:synthetic T-bill),0.000104,381506.9460,113221.3376,DEF(cash:synthetic T-bill),NEXT_OPEN_regime_no_trade,SYN_CASH,ON,
2022-02-28,DEF(cash:synthetic T-bill),0.000222,381591.6585,113246.4781,DEF(cash:synthetic T-bill),NEXT_OPEN_regime_no_trade,SYN_CASH,ON,
2022-03-31,DEF(cash:synthetic T-bill),0.000380,381736.7351,113289.5331,DEF(cash:synthetic T-bill),NEXT_OPEN_regime_no_trade,SYN_CASH,ON,
2022-04-29,DEF(cash:synthetic T-bill),0.000579,381957.9306,113355.1781,DEF(cash:synthetic T-bill),NEXT_OPEN_regime_no_trade,SYN_CASH,ON,
2022-05-31,DEF(cash:synthetic T-bill),0.000781,382256.3779,113443.7495,DEF(cash:synthetic T-bill),NEXT_OPEN_regime_no_trade,SYN_CASH,ON,
2022-06-30,DEF(cash:synthetic T-bill),0.001203,382716.1220,113580.1896,DEF(cash:synthetic T-bill),NEXT_OPEN_regime_no_trade,SYN_CASH,ON,
2022-07-29,DEF(cash:synthetic T-bill),0.001721,383374.7336,113775.6484,DEF(cash:synthetic T-bill),NEXT_OPEN_regime_no_trade,SYN_CASH,ON,
2022-08-31,DEF(cash:synthetic T-bill),-0.088696,349370.9517,103684.2104,DEF(cash:synthetic T-bill),NEXT_OPEN_regime_no_trade,SYN_CASH,ON,
2022-09-30,DEF(cash:synthetic T-bill),0.002565,350267.2245,103950.2009,DEF(cash:synthetic T-bill),NEXT_OPEN_regime_no_trade,SYN_CASH,ON,
2022-10-31,DEF(cash:synthetic T-bill),0.003043,351333.1890,104266.5514,DEF(cash:synthetic T-bill),NEXT_OPEN_regime_no_trade,SYN_CASH,ON,
2022-11-30,DEF(cash:synthetic T-bill),0.003431,352538.7215,104624.3221,DEF(cash:synthetic T-bill),NEXT_OPEN_regime_no_trade,SYN_CASH,ON,
2022-12-30,DEF(cash:synthetic T-bill),0.003513,353777.2483,104991.8847,DEF(cash:synthetic T-bill),NEXT_OPEN_regime_no_trade,SYN_CASH,ON,
2023-01-31,QLD,0.149682,406731.2620,120707.2585,QLD,NEXT_OPEN_regime_no_trade,REAL_FUND_EXISTED_SERIES_STILL_MODELED_QLD,ON,
2023-02-28,QLD,-0.018737,399110.2165,118445.5304,QLD,NEXT_OPEN_regime_no_trade,REAL_FUND_EXISTED_SERIES_STILL_MODELED_QLD,ON,
2023-03-31,QLD,0.187447,473922.2500,140647.7959,QLD,NEXT_OPEN_regime_no_trade,REAL_FUND_EXISTED_SERIES_STILL_MODELED_QLD,ON,
2023-04-28,TQQQ,0.020510,483642.4027,143532.4843,TQQQ,NEXT_OPEN_regime_no_trade,REAL_FUND_EXISTED_SERIES_STILL_MODELED_TQQQ,ON,
2023-05-31,QLD,0.137484,550135.6900,163265.9624,QLD,NEXT_OPEN_regime_no_trade,REAL_FUND_EXISTED_SERIES_STILL_MODELED_QLD,ON,
2023-06-30,QLD,0.125540,619199.7057,183762.3657,QLD,NEXT_OPEN_regime_no_trade,REAL_FUND_EXISTED_SERIES_STILL_MODELED_QLD,ON,
2023-07-31,TQQQ,0.057621,654878.8703,194351.0137,TQQQ,NEXT_OPEN_regime_no_trade,REAL_FUND_EXISTED_SERIES_STILL_MODELED_TQQQ,ON,
2023-08-31,QLD,-0.056217,618063.5725,183425.1909,QLD,NEXT_OPEN_regime_no_trade,REAL_FUND_EXISTED_SERIES_STILL_MODELED_QLD,ON,
2023-09-29,TQQQ,-0.112656,548434.7373,162761.1639,TQQQ,NEXT_OPEN_regime_no_trade,REAL_FUND_EXISTED_SERIES_STILL_MODELED_TQQQ,ON,
2023-10-31,QLD,-0.029165,532439.5701,158014.2143,QLD,NEXT_OPEN_regime_no_trade,REAL_FUND_EXISTED_SERIES_STILL_MODELED_QLD,ON,
2023-11-30,QLD,0.216123,647512.2165,192164.7824,QLD,NEXT_OPEN_regime_no_trade,REAL_FUND_EXISTED_SERIES_STILL_MODELED_QLD,ON,
2023-12-29,TQQQ,0.168327,756505.8534,224511.2587,TQQQ,NEXT_OPEN_regime_no_trade,REAL_FUND_EXISTED_SERIES_STILL_MODELED_TQQQ,ON,
2024-01-31,TQQQ,0.039897,786688.0345,233468.5449,TQQQ,NEXT_OPEN_regime_no_trade,REAL_FUND_EXISTED_SERIES_STILL_MODELED_TQQQ,ON,
2024-02-29,QLD,0.151237,905664.6382,268777.7060,QLD,NEXT_OPEN_regime_no_trade,REAL_FUND_EXISTED_SERIES_STILL_MODELED_QLD,ON,
2024-03-28,QLD,0.016660,920752.9645,273255.5287,QLD,NEXT_OPEN_regime_no_trade,REAL_FUND_EXISTED_SERIES_STILL_MODELED_QLD,ON,
2024-04-30,QLD,-0.150171,782482.8173,232220.5458,QLD,NEXT_OPEN_regime_no_trade,REAL_FUND_EXISTED_SERIES_STILL_MODELED_QLD,ON,
2024-05-31,TQQQ,0.107986,866980.0610,257297.1298,TQQQ,NEXT_OPEN_regime_no_trade,REAL_FUND_EXISTED_SERIES_STILL_MODELED_TQQQ,ON,
2024-06-28,TQQQ,0.182691,1025369.4349,304302.9758,TQQQ,NEXT_OPEN_regime_no_trade,REAL_FUND_EXISTED_SERIES_STILL_MODELED_TQQQ,ON,
2024-07-31,DEF(cash:synthetic T-bill),-0.064839,958885.3319,284572.2235,DEF(cash:synthetic T-bill),NEXT_OPEN_regime_no_trade,SYN_CASH,ON,
2024-08-30,DEF(cash:synthetic T-bill),0.004408,963112.0383,285826.6000,DEF(cash:synthetic T-bill),NEXT_OPEN_regime_no_trade,SYN_CASH,ON,
2024-09-30,DEF(cash:synthetic T-bill),0.013546,976158.1875,289698.3577,QLD,NEXT_OPEN_TRADE_TODAY,SYN_CASH,ON,
2024-10-31,TQQQ,-0.022955,953750.3615,283048.2978,TQQQ,NEXT_OPEN_regime_no_trade,REAL_FUND_EXISTED_SERIES_STILL_MODELED_TQQQ,ON,
2024-11-29,QLD,0.153071,1099742.0425,326374.8311,QLD,NEXT_OPEN_regime_no_trade,REAL_FUND_EXISTED_SERIES_STILL_MODELED_QLD,ON,
2024-12-31,QLD,0.011024,1111865.7096,329972.8202,QLD,NEXT_OPEN_regime_no_trade,REAL_FUND_EXISTED_SERIES_STILL_MODELED_QLD,ON,
2025-01-31,QLD,0.037182,1153206.6421,342241.7336,QLD,NEXT_OPEN_regime_no_trade,REAL_FUND_EXISTED_SERIES_STILL_MODELED_QLD,ON,
2025-02-28,TQQQ,-0.132712,1000162.3137,296822.1580,QLD,NEXT_OPEN_TRADE_TODAY,REAL_FUND_EXISTED_SERIES_STILL_MODELED_TQQQ,ON,
2025-03-31,DEF(cash:synthetic T-bill),-0.062655,937496.6997,278224.6338,DEF(cash:synthetic T-bill),NEXT_OPEN_regime_no_trade,SYN_CASH,ON,
2025-04-30,DEF(cash:synthetic T-bill),0.003502,940780.0906,279199.0588,DEF(cash:synthetic T-bill),NEXT_OPEN_regime_no_trade,SYN_CASH,ON,
2025-05-30,QLD,0.114140,1048160.8179,311066.8654,QLD,NEXT_OPEN_regime_no_trade,REAL_FUND_EXISTED_SERIES_STILL_MODELED_QLD,ON,
2025-06-30,TQQQ,0.163218,1219239.6802,361838.6216,TQQQ,NEXT_OPEN_regime_no_trade,REAL_FUND_EXISTED_SERIES_STILL_MODELED_TQQQ,ON,
2025-07-31,TQQQ,0.062505,1295448.4886,384455.4135,TQQQ,NEXT_OPEN_regime_no_trade,REAL_FUND_EXISTED_SERIES_STILL_MODELED_TQQQ,ON,
2025-08-29,TQQQ,0.011932,1310906.2253,389042.8677,TQQQ,NEXT_OPEN_regime_no_trade,REAL_FUND_EXISTED_SERIES_STILL_MODELED_TQQQ,ON,
2025-09-30,TQQQ,0.160155,1520854.4057,451350.0264,TQQQ,NEXT_OPEN_regime_no_trade,REAL_FUND_EXISTED_SERIES_STILL_MODELED_TQQQ,ON,
2025-10-31,QLD,0.072474,1631076.4511,484061.0623,QLD,NEXT_OPEN_regime_no_trade,REAL_FUND_EXISTED_SERIES_STILL_MODELED_QLD,ON,
2025-11-28,QLD,-0.088029,1487494.5677,441449.6942,QLD,NEXT_OPEN_regime_no_trade,REAL_FUND_EXISTED_SERIES_STILL_MODELED_QLD,ON,
2025-12-31,TQQQ,-0.020023,1457709.7662,432610.3399,TQQQ,NEXT_OPEN_regime_no_trade,REAL_FUND_EXISTED_SERIES_STILL_MODELED_TQQQ,ON,
2026-01-30,TQQQ,0.025341,1494649.1996,443573.0028,TQQQ,NEXT_OPEN_regime_no_trade,REAL_FUND_EXISTED_SERIES_STILL_MODELED_TQQQ,ON,
2026-02-27,QLD,-0.076916,1379686.8095,409455.1559,QLD,NEXT_OPEN_regime_no_trade,REAL_FUND_EXISTED_SERIES_STILL_MODELED_QLD,ON,
2026-03-31,DEF(cash:synthetic T-bill),-0.133651,1195289.6979,354730.8898,DEF(cash:synthetic T-bill),NEXT_OPEN_regime_no_trade,SYN_CASH,ON,
2026-04-30,QLD,0.059829,1266803.0494,375954.1923,QLD,NEXT_OPEN_regime_no_trade,REAL_FUND_EXISTED_SERIES_STILL_MODELED_QLD,ON,
2026-05-29,QLD,0.213621,1537418.6233,456265.8553,QLD,NEXT_OPEN_regime_no_trade,REAL_FUND_EXISTED_SERIES_STILL_MODELED_QLD,ON,
2026-06-30,DEF(cash:synthetic T-bill),-0.074503,1422876.0659,422272.6038,DEF(cash:synthetic T-bill),NEXT_OPEN_regime_no_trade,SYN_CASH,ON,
2026-07-31,DEF(cash:synthetic T-bill),-0.012257,1405435.6521,417096.7426,QLD,NEXT_OPEN_TRADE_TODAY,SYN_CASH,ON,
2026-08-31,TQQQ,0.132441,1591573.3142,472337.5588,TQQQ,NEXT_OPEN_regime_no_trade,REAL_FUND_EXISTED_SERIES_STILL_MODELED_TQQQ,ON,
2026-09-30,TQQQ,0.085528,1727698.0495,512735.8393,TQQQ,NEXT_OPEN_regime_no_trade,REAL_FUND_EXISTED_SERIES_STILL_MODELED_TQQQ,ON,
2026-10-08,TQQQ,0.028171,1776369.7245,527180.3264,TQQQ,NEXT_OPEN_regime_no_trade,REAL_FUND_EXISTED_SERIES_STILL_MODELED_TQQQ,ON,
