2026-09-09→ October 2026,Risk-Off,BIL 100%,
▸,2026-09-08→ October 2026,Risk-On,"ERX 25%, PDBC 25%, EDC 25%, UPRO 25%"
▸,2026-09-04→ October 2026,Risk-On,"ERX 25%, PDBC 25%, EDC 25%, TNA 25%"
▸,2026-08-31→ September 2026,Risk-Off,BIL 100%
▸,2026-07-31→ August 2026,Risk-On,"ERX 25%, TNA 25%, PDBC 25%, UPRO 25%"
▸,2026-06-30→ July 2026,Risk-On,"TNA 25%, TQQQ 25%, EDC 25%, UPRO 25%"
▸,2026-05-29→ June 2026,Risk-On,"TQQQ 25%, EDC 25%, PDBC 25%, TNA 25%"
▸,2026-04-30→ May 2026,Risk-On,"PDBC 25%, ERX 25%, EDC 25%, TNA 25%"
▸,2026-03-31→ April 2026,Risk-On,"ERX 25%, PDBC 25%, UGL 25%, EDC 25%"
▸,2026-02-27→ March 2026,Risk-On,"UGL 25%, EDC 25%, ERX 25%, EURL 25%"
▸,2026-01-30→ February 2026,Risk-On,"UGL 25%, EDC 25%, EURL 25%, ERX 25%"
▸,2025-12-31→ January 2026,Risk-On,"UGL 25%, EDC 25%, EURL 25%, UPRO 25%"
▸,2025-11-28→ December 2025,Risk-On,"UGL 25%, EDC 25%, TQQQ 25%, UPRO 25%"
▸,2025-10-31→ November 2025,Risk-On,"UGL 25%, EDC 25%, TQQQ 25%, UPRO 25%"
▸,2025-09-30→ October 2025,Risk-On,"UGL 25%, EDC 25%, TQQQ 25%, UPRO 25%"
▸,2025-08-29→ September 2025,Risk-On,"EDC 25%, UGL 25%, TQQQ 25%, UPRO 25%"
▸,2025-07-31→ August 2025,Risk-On,"TQQQ 25%, EDC 25%, UPRO 25%, UGL 25%"
▸,2025-06-30→ July 2025,Risk-On,"EURL 25%, EDC 25%, UGL 25%, TQQQ 25%"
▸,2025-05-30→ June 2025,Risk-On,"UGL 25%, EURL 25%, EDC 25%, TQQQ 25%"
▸,2025-04-30→ May 2025,Risk-On,"IEF 50%, UGL 25%, EURL 25%"
▸,2025-03-31→ April 2025,Risk-On,"UGL 25%, EURL 25%, PDBC 25%, ERX 25%"
▸,2025-02-28→ March 2025,Risk-On,"UGL 25%, EURL 25%, PDBC 25%, UPRO 25%"
▸,2025-01-31→ February 2025,Risk-On,"UGL 25%, TQQQ 25%, UPRO 25%, PDBC 25%"
▸,2024-12-31→ January 2025,Risk-Off,BIL 100%
▸,2024-11-29→ December 2024,Risk-On,"UPRO 25%, TNA 25%, TQQQ 25%, UGL 25%"
▸,2024-10-31→ November 2024,Risk-On,"UGL 25%, UPRO 25%, TQQQ 25%, EDC 25%"
▸,2024-09-30→ October 2024,Risk-On,"UGL 25%, EDC 25%, UPRO 25%, TMF 25%"
▸,2024-08-30→ September 2024,Risk-On,"UGL 25%, UPRO 25%, EURL 25%, TQQQ 25%"
▸,2024-07-31→ August 2024,Risk-On,"UPRO 25%, TNA 25%, UGL 25%, TQQQ 25%"
▸,2024-06-28→ July 2024,Risk-On,"TQQQ 25%, UPRO 25%, UGL 25%, EDC 25%"
▸,2024-05-31→ June 2024,Risk-On,"UPRO 25%, UGL 25%, TQQQ 25%, EURL 25%"
▸,2024-04-30→ May 2024,Risk-Off,BIL 100%
▸,2024-03-28→ April 2024,Risk-On,"UPRO 25%, TQQQ 25%, ERX 25%, UGL 25%"
▸,2024-02-29→ March 2024,Risk-On,"TQQQ 25%, UPRO 25%, TNA 25%, EURL 25%"
▸,2024-01-31→ February 2024,Risk-On,"TQQQ 25%, UPRO 25%, EURL 25%, UGL 25%"
▸,2023-12-29→ January 2024,Risk-On,"TQQQ 25%, UPRO 25%, TNA 25%, EURL 25%"
▸,2023-11-30→ December 2023,Risk-On,"TQQQ 25%, UPRO 25%, UGL 25%, EURL 25%"
▸,2023-10-31→ November 2023,Risk-Off,BIL 100%
▸,2023-09-29→ October 2023,Risk-Off,BIL 100%
▸,2023-08-31→ September 2023,Risk-Off,BIL 100%
▸,2023-07-31→ August 2023,Risk-Off,BIL 100%
▸,2023-06-30→ July 2023,Risk-Off,BIL 100%
▸,2023-05-31→ June 2023,Risk-Off,BIL 100%
▸,2023-04-28→ May 2023,Risk-On,"EURL 25%, UGL 25%, TQQQ 25%, UPRO 25%"
▸,2023-03-31→ April 2023,Risk-On,"UGL 25%, EURL 25%, TQQQ 25%, UPRO 25%"
▸,2023-02-28→ March 2023,Risk-Off,BIL 100%
▸,2023-01-31→ February 2023,Risk-Off,BIL 100%
▸,2022-12-30→ January 2023,Risk-Off,BIL 100%
▸,2022-11-30→ December 2022,Risk-Off,BIL 100%
▸,2022-10-31→ November 2022,Risk-Off,BIL 100%
▸,2022-09-30→ October 2022,Risk-Off,BIL 100%
▸,2022-08-31→ September 2022,Risk-Off,BIL 100%
▸,2022-07-29→ August 2022,Risk-Off,BIL 100%
▸,2022-06-30→ July 2022,Risk-Off,BIL 100%
▸,2022-05-31→ June 2022,Risk-Off,BIL 100%
▸,2022-04-29→ May 2022,Risk-Off,BIL 100%
▸,2022-03-31→ April 2022,Risk-Off,BIL 100%
▸,2022-02-28→ March 2022,Risk-On,"ERX 25%, PDBC 25%, UGL 25%, UPRO 25%"
▸,2022-01-31→ February 2022,Risk-Off,BIL 100%
▸,2021-12-31→ January 2022,Risk-On,"UPRO 25%, TQQQ 25%, PDBC 25%, ERX 25%"
▸,2021-11-30→ December 2021,Risk-On,"TQQQ 25%, ERX 25%, UPRO 25%, TMF 25%"
▸,2021-10-29→ November 2021,Risk-On,"ERX 25%, TQQQ 25%, UPRO 25%, PDBC 25%"
▸,2021-09-30→ October 2021,Risk-On,"PDBC 25%, TQQQ 25%, ERX 25%, UPRO 25%"
▸,2021-08-31→ September 2021,Risk-On,"TQQQ 25%, UPRO 25%, EURL 25%, EDV 25%"
▸,2021-07-30→ August 2021,Risk-On,"UPRO 25%, TQQQ 25%, PDBC 25%, EURL 25%"
▸,2021-06-30→ July 2021,Risk-On,"UPRO 25%, ERX 25%, TQQQ 25%, PDBC 25%"
▸,2021-05-28→ June 2021,Risk-On,"EURL 25%, ERX 25%, UPRO 25%, PDBC 25%"
▸,2021-04-30→ May 2021,Risk-On,"UPRO 25%, EURL 25%, TNA 25%, ERX 25%"
▸,2021-03-31→ April 2021,Risk-On,"TNA 25%, ERX 25%, UPRO 25%, PDBC 25%"
▸,2021-02-26→ March 2021,Risk-On,"TNA 25%, EDC 25%, PDBC 25%, ERX 25%"
▸,2021-01-29→ February 2021,Risk-On,"TNA 25%, EDC 25%, TQQQ 25%, PDBC 25%"
▸,2020-12-31→ January 2021,Risk-On,"TNA 25%, EDC 25%, TQQQ 25%, UPRO 25%"
▸,2020-11-30→ December 2020,Risk-On,"TNA 25%, EDC 25%, TQQQ 25%, UPRO 25%"
▸,2020-10-30→ November 2020,Risk-On,"EDC 25%, TQQQ 25%, TNA 25%, UPRO 25%"
▸,2020-09-30→ October 2020,Risk-On,"TQQQ 25%, UPRO 25%, EDC 25%, UGL 25%"
▸,2020-08-31→ September 2020,Risk-On,"TQQQ 25%, UGL 25%, UPRO 25%, EDC 25%"
▸,2020-07-31→ August 2020,Risk-On,"UGL 25%, TQQQ 25%, TMF 25%, EDV 25%"
▸,2020-06-30→ July 2020,Risk-On,"TQQQ 25%, UGL 25%, EDV 25%, TMF 25%"
▸,2020-05-29→ June 2020,Risk-On,"TMF 25%, UGL 25%, EDV 25%, TQQQ 25%"
▸,2020-04-30→ May 2020,Risk-On,"TMF 25%, EDV 25%, UGL 25%, TQQQ 25%"
▸,2020-03-31→ April 2020,Risk-On,"TMF 25%, EDV 25%, UGL 25%, IEF 25%"
▸,2020-02-28→ March 2020,Risk-On,"TMF 25%, EDV 25%, TQQQ 25%, UGL 25%"
▸,2020-01-31→ February 2020,Risk-On,"TMF 25%, TQQQ 25%, UGL 25%, EDV 25%"
▸,2019-12-31→ January 2020,Risk-On,"TQQQ 25%, UPRO 25%, EURL 25%, EDC 25%"
▸,2019-11-29→ December 2019,Risk-On,"TQQQ 25%, UPRO 25%, EDV 25%, EURL 25%"
▸,2019-10-31→ November 2019,Risk-On,"TMF 25%, UGL 25%, EDV 25%, TQQQ 25%"
▸,2019-09-30→ October 2019,Risk-On,"TMF 25%, EDV 25%, UGL 25%, UPRO 25%"
▸,2019-08-30→ September 2019,Risk-On,"TMF 25%, EDV 25%, UGL 25%, TQQQ 25%"
▸,2019-07-31→ August 2019,Risk-On,"TMF 25%, EDV 25%, UGL 25%, TQQQ 25%"
▸,2019-06-28→ July 2019,Risk-On,"TMF 25%, UGL 25%, EDV 25%, UPRO 25%"
▸,2019-05-31→ June 2019,Risk-On,"TMF 25%, EDV 25%, UGL 25%, IEF 25%"
▸,2019-04-30→ May 2019,Risk-On,"TQQQ 25%, UPRO 25%, TMF 25%, EURL 25%"
▸,2019-03-29→ April 2019,Risk-On,"TMF 25%, EDV 25%, UPRO 25%, TQQQ 25%"
▸,2019-02-28→ March 2019,Risk-On,"TMF 25%, EDV 25%, UGL 25%, IEF 25%"
▸,2019-01-31→ February 2019,Risk-On,"TMF 25%, UGL 25%, EDV 25%, IEF 25%"
▸,2018-12-31→ January 2019,Risk-Off,IEF 100%
▸,2018-11-30→ December 2018,Risk-Off,BIL 100%
▸,2018-10-31→ November 2018,Risk-Off,BIL 100%
▸,2018-09-28→ October 2018,Risk-Off,BIL 100%
▸,2018-08-31→ September 2018,Risk-On,"TQQQ 25%, TNA 25%, UPRO 25%, EDV 25%"
▸,2018-07-31→ August 2018,Risk-On,"TQQQ 25%, TNA 25%, ERX 25%, UPRO 25%"
▸,2018-06-29→ July 2018,Risk-On,"TQQQ 25%, TNA 25%, ERX 25%, PDBC 25%"
▸,2018-05-31→ June 2018,Risk-On,"ERX 25%, TNA 25%, PDBC 25%, TQQQ 25%"
▸,2018-04-30→ May 2018,Risk-Off,BIL 100%
▸,2018-03-29→ April 2018,Risk-On,"PDBC 25%, EDC 25%, TQQQ 25%, UGL 25%"
▸,2018-02-28→ March 2018,Risk-Off,BIL 100%
▸,2018-01-31→ February 2018,Risk-On,"TQQQ 25%, EDC 25%, UPRO 25%, EURL 25%"
▸,2017-12-29→ January 2018,Risk-On,"UPRO 25%, TQQQ 25%, EDC 25%, ERX 25%"
▸,2017-11-30→ December 2017,Risk-On,"UPRO 25%, TQQQ 25%, TNA 25%, EDC 25%"
▸,2017-10-31→ November 2017,Risk-On,"TQQQ 25%, EDC 25%, TNA 25%, UPRO 25%"
▸,2017-09-29→ October 2017,Risk-Off,BIL 100%
▸,2017-08-31→ September 2017,Risk-On,"EDC 25%, TQQQ 25%, EURL 25%, UGL 25%"
▸,2017-07-31→ August 2017,Risk-Off,BIL 100%
▸,2017-06-30→ July 2017,Risk-Off,BIL 100%
▸,2017-05-31→ June 2017,Risk-On,"TQQQ 25%, EURL 25%, EDC 25%, UPRO 25%"
▸,2017-04-28→ May 2017,Risk-On,"TQQQ 25%, EURL 25%, UPRO 25%, EDC 25%"
▸,2017-03-31→ April 2017,Risk-On,"TQQQ 25%, UPRO 25%, EURL 25%, EDC 25%"
▸,2017-02-28→ March 2017,Risk-On,"TQQQ 25%, UPRO 25%, TNA 25%, EDC 25%"
▸,2017-01-31→ February 2017,Risk-On,"TNA 25%, TQQQ 25%, UPRO 25%, ERX 25%"
▸,2016-12-30→ January 2017,Risk-On,"TNA 25%, ERX 25%, UPRO 25%, PDBC 25%"
▸,2016-11-30→ December 2016,Risk-On,"TNA 25%, ERX 25%, UPRO 25%, PDBC 25%"
▸,2016-10-31→ November 2016,Risk-On,"EDC 25%, TQQQ 25%, PDBC 25%, IEF 25%"
▸,2016-09-30→ October 2016,Risk-On,"TQQQ 25%, TNA 25%, EDC 25%, TMF 25%"
▸,2016-08-31→ September 2016,Risk-On,"TMF 25%, EDV 25%, TNA 25%, TQQQ 25%"
▸,2016-07-29→ August 2016,Risk-On,"TMF 25%, EDV 25%, UGL 25%, TNA 25%"
▸,2016-06-30→ July 2016,Risk-On,"TMF 25%, EDV 25%, UGL 25%, ERX 25%"
▸,2016-05-31→ June 2016,Risk-On,"TMF 25%, EDV 25%, UPRO 25%, PDBC 25%"
▸,2016-04-29→ May 2016,Risk-On,"UGL 25%, TMF 25%, ERX 25%, EDV 25%"
▸,2016-03-31→ April 2016,Risk-On,"UGL 25%, TMF 25%, EDV 25%, UPRO 25%"
▸,2016-02-29→ March 2016,Risk-On,"TMF 25%, EDV 25%, UGL 25%, IEF 25%"
▸,2016-01-29→ February 2016,Risk-Off,IEF 100%
▸,2015-12-31→ January 2016,Risk-Off,IEF 100%
▸,2015-11-30→ December 2015,Risk-Off,IEF 100%
▸,2015-10-30→ November 2015,Risk-Off,IEF 100%
▸,2015-09-30→ October 2015,Risk-Off,IEF 100%
▸,2015-08-31→ September 2015,Risk-Off,IEF 100%
▸,2015-07-31→ August 2015,Risk-Off,IEF 100%
▸,2015-06-30→ July 2015,Risk-Off,BIL 100%
▸,2015-05-29→ June 2015,Risk-Off,IEF 100%
▸,2015-04-30→ May 2015,Risk-On,"TQQQ 25%, EDC 25%, UPRO 25%, EURL 25%"
▸,2015-03-31→ April 2015,Risk-On,"TMF 25%, EDV 25%, TNA 25%, TQQQ 25%"
▸,2015-02-27→ March 2015,Risk-On,"TMF 25%, EDV 25%, TQQQ 25%, TNA 25%"
▸,2015-01-30→ February 2015,Risk-On,"TMF 25%, EDV 25%, TQQQ 25%, UGL 25%"
▸,2014-12-31→ January 2015,Risk-On,"TMF 25%, EDV 25%, TQQQ 25%, TNA 25%"
▸,2014-11-28→ December 2014,Risk-On,"TMF 25%, TQQQ 25%, EDV 25%, UPRO 25%"
▸,2014-10-31→ November 2014,Risk-On,"TMF 25%, TQQQ 25%, EDV 25%, UPRO 25%"
▸,2014-09-30→ October 2014,Risk-Off,IEF 100%
▸,2014-08-29→ September 2014,Risk-On,"TMF 25%, TQQQ 25%, EDV 25%, EDC 25%"
▸,2014-07-31→ August 2014,Risk-On,"TQQQ 25%, TMF 25%, EDC 25%, ERX 25%"
▸,2014-06-30→ July 2014,Risk-On,"ERX 25%, TQQQ 25%, TMF 25%, UPRO 25%"
▸,2014-05-30→ June 2014,Risk-On,"ERX 25%, TMF 25%, EDV 25%, TQQQ 25%"
▸,2014-04-30→ May 2014,Risk-Off,BIL 100%
▸,2014-03-31→ April 2014,Risk-Off,BIL 100%
▸,2014-02-28→ March 2014,Risk-Off,IEF 100%
▸,2014-01-31→ February 2014,Risk-Off,IEF 100%
▸,2013-12-31→ January 2014,Risk-Off,BIL 100%
▸,2013-11-29→ December 2013,Risk-Off,BIL 100%
▸,2013-10-31→ November 2013,Risk-Off,BIL 100%
▸,2013-09-30→ October 2013,Risk-Off,BIL 100%
▸,2013-08-30→ September 2013,Risk-Off,BIL 100%
▸,2013-07-31→ August 2013,Risk-Off,BIL 100%
▸,2013-06-28→ July 2013,Risk-Off,BIL 100%
▸,2013-05-31→ June 2013,Risk-Off,BIL 100%
▸,2013-04-30→ May 2013,Risk-On,"UPRO 25%, TNA 25%, TMF 25%, EDV 25%"
▸,2013-03-28→ April 2013,Risk-On,"TNA 25%, UPRO 25%, ERX 25%, TQQQ 25%"
▸,2013-02-28→ March 2013,Risk-On,"TNA 25%, UPRO 25%, ERX 25%, EURL 25%"
▸,2013-01-31→ February 2013,Risk-On,"EURL 25%, TNA 25%, UPRO 25%, ERX 25%"
▸,2012-12-31→ January 2013,Risk-On,"EURL 25%, EDC 25%, TNA 25%, UPRO 25%"
▸,2012-11-30→ December 2012,Risk-On,"EURL 25%, UPRO 25%, EDC 25%, TNA 25%"
▸,2012-10-31→ November 2012,Risk-On,"EURL 25%, UPRO 25%, UGL 25%, EDV 25%"
▸,2012-09-28→ October 2012,Risk-On,"UGL 25%, UPRO 25%, ERX 25%, TQQQ 25%"
▸,2012-08-31→ September 2012,Risk-On,"TQQQ 25%, TMF 25%, EDV 25%, UPRO 25%"
▸,2012-07-31→ August 2012,Risk-On,"TMF 25%, EDV 25%, UPRO 25%, TQQQ 25%"
▸,2012-06-29→ July 2012,Risk-On,"TMF 25%, EDV 25%, UPRO 25%, TQQQ 25%"
▸,2012-05-31→ June 2012,Risk-On,"TMF 25%, EDV 25%, TQQQ 25%, IEF 25%"
▸,2012-04-30→ May 2012,Risk-On,"TQQQ 25%, UPRO 25%, EDV 25%, TMF 25%"
▸,2012-03-30→ April 2012,Risk-On,"TQQQ 25%, UPRO 25%, TNA 25%, PDBC 25%"
▸,2012-02-29→ March 2012,Risk-On,"TQQQ 25%, UPRO 25%, EDV 25%, TMF 25%"
▸,2012-01-31→ February 2012,Risk-On,"TMF 25%, EDV 25%, TQQQ 25%, UGL 25%"
▸,2011-12-30→ January 2012,Risk-On,"IEF 50%, EDV 25%, TMF 25%"
▸,2011-11-30→ December 2011,Risk-On,"EDV 25%, TMF 25%, UGL 25%, IEF 25%"
▸,2011-10-31→ November 2011,Risk-On,"TMF 25%, EDV 25%, UGL 25%, TQQQ 25%"
▸,2011-09-30→ October 2011,Risk-On,"TMF 25%, EDV 25%, UGL 25%, IEF 25%"
▸,2011-08-31→ September 2011,Risk-On,"UGL 25%, TMF 25%, EDV 25%, PDBC 25%"
▸,2011-07-29→ August 2011,Risk-On,"UGL 25%, TMF 25%, EDV 25%, TQQQ 25%"
▸,2011-06-30→ July 2011,Risk-On,"UGL 25%, UPRO 25%, ERX 25%, IEF 25%"
▸,2011-05-31→ June 2011,Risk-On,"UGL 25%, EURL 25%, TNA 25%, UPRO 25%"
▸,2011-04-29→ May 2011,Risk-On,"UGL 25%, ERX 25%, TNA 25%, EURL 25%"
▸,2011-03-31→ April 2011,Risk-On,"ERX 25%, TNA 25%, UPRO 25%, PDBC 25%"
▸,2011-02-28→ March 2011,Risk-On,"ERX 25%, TNA 25%, TQQQ 25%, UPRO 25%"
▸,2011-01-31→ February 2011,Risk-On,"ERX 25%, TQQQ 25%, UPRO 25%, TNA 25%"
▸,2010-12-31→ January 2011,Risk-On,"ERX 25%, TNA 25%, TQQQ 25%, UPRO 25%"
▸,2010-11-30→ December 2010,Risk-On,"ERX 25%, TQQQ 25%, UGL 25%, TNA 25%"
▸,2010-10-29→ November 2010,Risk-On,"UGL 25%, TQQQ 25%, EDC 25%, TMF 25%"
▸,2010-09-30→ October 2010,Risk-On,"UGL 25%, TMF 25%, EDC 25%, TQQQ 25%"
▸,2010-08-31→ September 2010,Risk-On,"TMF 25%, EDV 25%, UGL 25%, EDC 25%"
▸,2010-07-30→ August 2010,Risk-On,"TMF 25%, EDV 25%, UGL 25%, EDC 25%"
▸,2010-06-30→ July 2010,Risk-On,"TMF 25%, EDV 25%, UGL 25%, IEF 25%"
▸,2010-05-28→ June 2010,Risk-On,"TMF 25%, UGL 25%, EDV 25%, TNA 25%"
▸,2010-04-30→ May 2010,Risk-On,"TNA 25%, TQQQ 25%, UPRO 25%, UGL 25%"
▸,2010-03-31→ April 2010,Risk-On,"TNA 25%, TQQQ 25%, UPRO 25%, EDC 25%"
▸,2010-02-26→ March 2010,Risk-On,"TNA 25%, UPRO 25%, TQQQ 25%, UGL 25%"
▸,2010-01-29→ February 2010,Risk-On,"TNA 25%, TQQQ 25%, UGL 25%, UPRO 25%"
▸,2009-12-31→ January 2010,Risk-On,"TQQQ 25%, EDC 25%, UPRO 25%, UGL 25%"
▸,2009-11-30→ December 2009,Risk-On,"UGL 25%, TQQQ 25%, EDC 25%, UPRO 25%"
▸,2009-10-30→ November 2009,Risk-On,"UGL 25%, TQQQ 25%, EURL 25%, EDC 25%"
▸,2009-09-30→ October 2009,Risk-On,"TQQQ 25%, EURL 25%, EDC 25%, TNA 25%"
▸,2009-08-31→ September 2009,Risk-On,"TQQQ 25%, EURL 25%, TNA 25%, UPRO 25%"
▸,2009-07-31→ August 2009,Risk-On,"TQQQ 25%, EURL 25%, EDC 25%, TNA 25%"
▸,2009-06-30→ July 2009,Risk-On,"BIL 50%, TQQQ 25%, EDC 25%"
▸,2009-05-29→ June 2009,Risk-On,"EDC 25%, TQQQ 25%, UGL 25%, EURL 25%"
▸,2009-04-30→ May 2009,Risk-On,"IEF 75%, UGL 25%"
▸,2009-03-31→ April 2009,Risk-On,"IEF 50%, TMF 25%, EDV 25%"
▸,2009-02-27→ March 2009,Risk-Off,IEF 100%
▸,2009-01-30→ February 2009,Risk-Off,IEF 100%
▸,2008-12-31→ January 2009,Risk-Off,IEF 100%
▸,2008-11-28→ December 2008,Risk-Off,IEF 100%
▸,2008-10-31→ November 2008,Risk-Off,IEF 100%
▸,2008-09-30→ October 2008,Risk-Off,IEF 100%
▸,2008-08-29→ September 2008,Risk-On,"EDV 25%, TMF 25%, PDBC 25%, IEF 25%"
▸,2008-07-31→ August 2008,Risk-On,"PDBC 25%, UGL 25%, EDV 25%, IEF 25%"
▸,2008-06-30→ July 2008,Risk-On,"PDBC 25%, ERX 25%, UGL 25%, EDV 25%"
▸,2008-05-30→ June 2008,Risk-On,"PDBC 25%, ERX 25%, TQQQ 25%, UGL 25%"
▸,2008-04-30→ May 2008,Risk-On,"PDBC 25%, ERX 25%, UGL 25%, EDC 25%"
▸,2008-03-31→ April 2008,Risk-On,"TMF 25%, PDBC 25%, EDV 25%, UGL 25%"
▸,2008-02-29→ March 2008,Risk-On,"UGL 25%, PDBC 25%, TMF 25%, ERX 25%"
▸,2008-01-31→ February 2008,Risk-On,"UGL 25%, TMF 25%, PDBC 25%, EDV 25%"
▸,2007-12-31→ January 2008,Risk-On,"UGL 25%, EDV 25%, TMF 25%, PDBC 25%"
▸,2007-11-30→ December 2007,Risk-On,"EDV 25%, TMF 25%, UGL 25%, PDBC 25%"
▸,2007-10-31→ November 2007,Risk-On,"EDC 25%, UGL 25%, TQQQ 25%, PDBC 25%"
▸,2007-09-28→ October 2007,Risk-On,"EDC 25%, UGL 25%, ERX 25%, TQQQ 25%"
▸,2007-08-31→ September 2007,Risk-On,"TQQQ 25%, EDC 25%, ERX 25%, EDV 25%"
▸,2007-07-31→ August 2007,Risk-On,"EDC 25%, ERX 25%, TQQQ 25%, EDV 25%"
▸,2007-06-29→ July 2007,Risk-On,"ERX 25%, EDC 25%, EURL 25%, TQQQ 25%"
▸,2007-05-31→ June 2007,Risk-On,"ERX 25%, EURL 25%, EDC 25%, UPRO 25%"
▸,2007-04-30→ May 2007,Risk-On,"EURL 25%, ERX 25%, EDC 25%, UPRO 25%"
▸,2007-03-30→ April 2007,Risk-On,"EURL 25%, EDC 25%, PDBC 25%, UGL 25%"
▸,2007-02-28→ March 2007,Risk-On,"EURL 25%, UGL 25%, EDV 25%, PDBC 25%"
▸,2007-01-31→ February 2007,Risk-On,"EURL 25%, UPRO 25%, EDC 25%, UGL 25%"
▸,2006-12-29→ January 2007,Risk-Off,BIL 100%
▸,2006-11-30→ December 2006,Risk-On,"EURL 25%, EDC 25%, UPRO 25%, TQQQ 25%"
▸,2006-10-31→ November 2006,Risk-On,"UPRO 25%, EURL 25%, TQQQ 25%, EDV 25%"
▸,2006-09-29→ October 2006,Risk-On,"EDV 25%, EURL 25%, UPRO 25%, TMF 25%"
▸,2006-08-31→ September 2006,Risk-On,"EURL 25%, EDV 25%, UGL 25%, UPRO 25%"
▸,2006-07-31→ August 2006,Risk-On,"PDBC 25%, UGL 25%, ERX 25%, EURL 25%"
▸,2006-06-30→ July 2006,Risk-Off,BIL 100%
▸,2006-05-31→ June 2006,Risk-Off,BIL 100%
▸,2006-04-28→ May 2006,Risk-Off,BIL 100%
▸,2006-03-31→ April 2006,Risk-Off,BIL 100%
▸,2006-02-28→ March 2006,Risk-On,"UGL 25%, EDC 25%, EURL 25%, TNA 25%"
▸,2006-01-31→ February 2006,Risk-On,"EDC 25%, UGL 25%, ERX 25%, EURL 25%"
▸,2005-12-30→ January 2006,Risk-On,"UGL 25%, EDC 25%, EURL 25%, EDV 25%"
▸,2005-11-30→ December 2005,Risk-On,"UGL 25%, EDC 25%, TQQQ 25%, PDBC 25%"
▸,2005-10-31→ November 2005,Risk-On,"UGL 25%, EDC 25%, PDBC 25%, ERX 25%"
▸,2005-09-30→ October 2005,Risk-On,"EDC 25%, ERX 25%, PDBC 25%, UGL 25%"
▸,2005-08-31→ September 2005,Risk-On,"PDBC 25%, ERX 25%, EDC 25%, EURL 25%"
▸,2005-07-29→ August 2005,Risk-On,"EDC 25%, ERX 25%, TNA 25%, PDBC 25%"
▸,2005-06-30→ July 2005,Risk-On,"TMF 25%, EDV 25%, ERX 25%, EDC 25%"
▸,2005-05-31→ June 2005,Risk-On,"TMF 25%, EDV 25%, ERX 25%, PDBC 25%"
▸,2005-04-29→ May 2005,Risk-On,"TMF 25%, EDV 25%, ERX 25%, PDBC 25%"
▸,2005-03-31→ April 2005,Risk-On,"ERX 25%, PDBC 25%, EURL 25%, EDC 25%"
▸,2005-02-28→ March 2005,Risk-On,"ERX 25%, EDC 25%, EURL 25%, PDBC 25%"
▸,2005-01-31→ February 2005,Risk-On,"EDC 25%, ERX 25%, TMF 25%, EURL 25%"
▸,2004-12-31→ January 2005,Risk-On,"EDC 25%, EURL 25%, TNA 25%, ERX 25%"
▸,2004-11-30→ December 2004,Risk-On,"EDC 25%, ERX 25%, EURL 25%, TNA 25%"
▸,2004-10-29→ November 2004,Risk-On,"PDBC 25%, ERX 25%, TMF 25%, EDC 25%"
▸,2004-09-30→ October 2004,Risk-On,"ERX 25%, PDBC 25%, TMF 25%, EDC 25%"
▸,2004-08-31→ September 2004,Risk-On,"ERX 25%, TMF 25%, EDV 25%, PDBC 25%"
▸,2004-07-30→ August 2004,Risk-On,"ERX 25%, PDBC 25%, EDV 25%, TMF 25%"
▸,2004-06-30→ July 2004,Risk-On,"ERX 25%, EURL 25%, TQQQ 25%, TNA 25%"
▸,2004-05-28→ June 2004,Risk-On,"PDBC 25%, ERX 25%, EURL 25%, UPRO 25%"
▸,2004-04-30→ May 2004,Risk-Off,BIL 100%
▸,2004-03-31→ April 2004,Risk-On,"EDC 25%, ERX 25%, EURL 25%, PDBC 25%"
▸,2004-02-27→ March 2004,Risk-On,"EDC 25%, ERX 25%, EURL 25%, TNA 25%"
▸,2004-01-30→ February 2004,Risk-On,"EDC 25%, EURL 25%, ERX 25%, TNA 25%"
▸,2003-12-31→ January 2004,Risk-On,"EDC 25%, EURL 25%, ERX 25%, UGL 25%"
▸,2003-11-28→ December 2003,Risk-On,"EDC 25%, TNA 25%, EURL 25%, UGL 25%"
▸,2003-10-31→ November 2003,Risk-On,"EDC 25%, EURL 25%, TNA 25%, UGL 25%"
▸,2003-09-30→ October 2003,Risk-On,"EDC 25%, UGL 25%, TNA 25%, EURL 25%"
▸,2003-08-29→ September 2003,Risk-On,"EDC 25%, TNA 25%, TQQQ 25%, UGL 25%"
▸,2003-07-31→ August 2003,Risk-On,"EDC 25%, TNA 25%, TQQQ 25%, UPRO 25%"
▸,2003-06-30→ July 2003,Risk-On,"EDC 25%, TMF 25%, EDV 25%, TNA 25%"
▸,2003-05-30→ June 2003,Risk-On,"TMF 25%, EDV 25%, EDC 25%, TNA 25%"
▸,2003-04-30→ May 2003,Risk-On,"TMF 25%, EDV 25%, TQQQ 25%, TNA 25%"
▸,2003-03-31→ April 2003,Risk-On,"IEF 50%, EDV 25%, TMF 25%"
▸,2003-02-28→ March 2003,Risk-On,"TMF 25%, EDV 25%, PDBC 25%, UGL 25%"
▸,2003-01-31→ February 2003,Risk-On,"UGL 25%, TMF 25%, EDV 25%, PDBC 25%"
▸,2002-12-31→ January 2003,Risk-On,"UGL 25%, EDV 25%, TMF 25%, PDBC 25%"
▸,2002-11-29→ December 2002,Risk-On,"PDBC 25%, EDV 25%, UGL 25%, TMF 25%"
▸,2002-10-31→ November 2002,Risk-On,"EDV 25%, TMF 25%, UGL 25%, PDBC 25%"
▸,2002-09-30→ October 2002,Risk-On,"TMF 25%, EDV 25%, PDBC 25%, UGL 25%"
▸,2002-08-30→ September 2002,Risk-On,"TMF 25%, EDV 25%, PDBC 25%, UGL 25%"
▸,2002-07-31→ August 2002,Risk-On,"TMF 25%, EDV 25%, PDBC 25%, UGL 25%"
▸,2002-06-28→ July 2002,Risk-On,"UGL 25%, TMF 25%, EDV 25%, PDBC 25%"
▸,2002-05-31→ June 2002,Risk-On,"UGL 25%, EDC 25%, PDBC 25%, EDV 25%"
▸,2002-04-30→ May 2002,Risk-On,"UGL 25%, PDBC 25%, EDC 25%, TNA 25%"
▸,2002-03-28→ April 2002,Risk-On,"EDC 25%, UGL 25%, PDBC 25%, TNA 25%"
▸,2002-02-28→ March 2002,Risk-On,"UGL 25%, EDC 25%, EDV 25%, TMF 25%"
▸,2002-01-31→ February 2002,Risk-On,"EDC 25%, UGL 25%, EDV 25%, IEF 25%"
▸,2001-12-31→ January 2002,Risk-On,"TNA 25%, EDC 25%, EDV 25%, IEF 25%"
▸,2001-11-30→ December 2001,Risk-On,"IEF 50%, EDV 25%, TMF 25%"
▸,2001-10-31→ November 2001,Risk-On,"TMF 25%, EDV 25%, UGL 25%, IEF 25%"
▸,2001-09-28→ October 2001,Risk-On,"TMF 25%, UGL 25%, EDV 25%, IEF 25%"
▸,2001-08-31→ September 2001,Risk-On,"TMF 25%, EDV 25%, UGL 25%, IEF 25%"
▸,2001-07-31→ August 2001,Risk-On,"IEF 50%, TMF 25%, EDV 25%"
▸,2001-06-29→ July 2001,Risk-On,"TNA 25%, EDV 25%, TMF 25%, IEF 25%"
▸,2001-05-31→ June 2001,Risk-On,"ERX 25%, TNA 25%, EDV 25%, IEF 25%"
▸,2001-04-30→ May 2001,Risk-On,"ERX 25%, EDV 25%, TMF 25%, IEF 25%"
▸,2001-03-30→ April 2001,Risk-On,"IEF 50%, EDV 25%, TMF 25%"
▸,2001-02-28→ March 2001,Risk-On,"TMF 25%, EDV 25%, ERX 25%, IEF 25%"
▸,2001-01-31→ February 2001,Risk-On,"TMF 25%, EDV 25%, ERX 25%, IEF 25%"
▸,2000-12-29→ January 2001,Risk-On,"TMF 25%, EDV 25%, ERX 25%, PDBC 25%"
▸,2000-11-30→ December 2000,Risk-On,"TMF 25%, EDV 25%, PDBC 25%, IEF 25%"
▸,2000-10-31→ November 2000,Risk-On,"EDV 25%, TMF 25%, PDBC 25%, ERX 25%"
▸,2000-09-29→ October 2000,Risk-On,"ERX 25%, PDBC 25%, EDV 25%, TMF 25%"
▸,2000-08-31→ September 2000,Risk-On,"TMF 25%, PDBC 25%, ERX 25%, EDV 25%"
▸,2000-07-31→ August 2000,Risk-On,"EDV 25%, TMF 25%, PDBC 25%, IEF 25%"
▸,2000-06-30→ July 2000,Risk-On,"PDBC 25%, EDV 25%, TMF 25%, IEF 25%"
▸,2000-05-31→ June 2000,Risk-On,"PDBC 25%, ERX 25%, EDV 25%, TMF 25%"
▸,2000-04-28→ May 2000,Risk-On,"EDV 25%, PDBC 25%, TQQQ 25%, EURL 25%"
▸,2000-03-31→ April 2000,Risk-On,"TQQQ 25%, TNA 25%, EURL 25%, PDBC 25%"
▸,2000-02-29→ March 2000,Risk-On,"TQQQ 25%, TNA 25%, PDBC 25%, EDC 25%"
▸,2000-01-31→ February 2000,Risk-On,"EDC 25%, TQQQ 25%, PDBC 25%, TNA 25%"
▸,1999-12-31→ January 2000,Risk-On,"EDC 25%, TQQQ 25%, EURL 25%, TNA 25%"
▸,1999-11-30→ December 1999,Risk-On,"TQQQ 25%, EDC 25%, EURL 25%, PDBC 25%"
▸,1999-10-29→ November 1999,Risk-On,"TQQQ 25%, EURL 25%, PDBC 25%, UGL 25%"
▸,1999-09-30→ October 1999,Risk-On,"PDBC 25%, UGL 25%, TQQQ 25%, EURL 25%"
▸,1999-08-31→ September 1999,Risk-On,"PDBC 25%, TQQQ 25%, EURL 25%, EDC 25%"
▸,1999-07-30→ August 1999,Risk-On,"PDBC 25%, EDC 25%, EURL 25%, TQQQ 25%"
▸,1999-06-30→ July 1999,Risk-On,"EDC 25%, TQQQ 25%, PDBC 25%, UPRO 25%"
▸,1999-05-31→ June 1999,Risk-On,"EDC 25%, ERX 25%, TNA 25%, TQQQ 25%"
▸,1999-04-30→ May 1999,Risk-On,"EDC 25%, TQQQ 25%, EURL 25%, UPRO 25%"
▸,1999-03-31→ April 1999,Risk-On,"TQQQ 25%, EDC 25%, UPRO 25%, PDBC 25%"
▸,1999-02-26→ March 1999,Risk-On,"TQQQ 25%, UPRO 25%, EURL 25%, EDC 25%"
▸,1999-01-29→ February 1999,Risk-On,"TQQQ 25%, UPRO 25%, EDV 25%, TMF 25%"
▸,1998-12-31→ January 1999,Risk-On,"TQQQ 25%, UPRO 25%, EURL 25%, EDV 25%"
▸,1998-11-30→ December 1998,Risk-On,"TQQQ 25%, EDV 25%, UPRO 25%, TMF 25%"
▸,1998-10-30→ November 1998,Risk-On,"TMF 25%, EDV 25%, TQQQ 25%, UPRO 25%"
▸,1998-09-30→ October 1998,Risk-On,"TMF 25%, EDV 25%, TQQQ 25%, IEF 25%"
▸,1998-08-31→ September 1998,Risk-On,"IEF 50%, TMF 25%, EDV 25%"
▸,1998-07-31→ August 1998,Risk-On,"TQQQ 25%, EDV 25%, TMF 25%, UPRO 25%"
▸,1998-06-30→ July 1998,Risk-On,"TQQQ 25%, EDV 25%, TMF 25%, UPRO 25%"
▸,1998-05-29→ June 1998,Risk-On,"UPRO 25%, EDV 25%, TMF 25%, EURL 25%"
▸,1998-04-30→ May 1998,Risk-On,"UPRO 25%, TQQQ 25%, TNA 25%, EURL 25%"
▸,1998-03-31→ April 1998,Risk-On,"UPRO 25%, TQQQ 25%, TNA 25%, EURL 25%"
▸,1998-02-27→ March 1998,Risk-On,"TQQQ 25%, UPRO 25%, TNA 25%, EURL 25%"
▸,1998-01-30→ February 1998,Risk-On,"TMF 25%, EDV 25%, UPRO 25%, TQQQ 25%"
▸,1997-12-31→ January 1998,Risk-On,"TMF 25%, EDV 25%, UPRO 25%, TNA 25%"
▸,1997-11-28→ December 1997,Risk-On,"TMF 25%, EDV 25%, UPRO 25%, TNA 25%"
▸,1997-10-31→ November 1997,Risk-On,"TMF 25%, TNA 25%, EDV 25%, ERX 25%"
▸,1997-09-30→ October 1997,Risk-On,"TNA 25%, ERX 25%, TQQQ 25%, UPRO 25%"
▸,1997-08-29→ September 1997,Risk-On,"TNA 25%, TQQQ 25%, ERX 25%, UPRO 25%"
▸,1997-07-31→ August 1997,Risk-On,"TQQQ 25%, UPRO 25%, TNA 25%, EURL 25%"
▸,1997-06-30→ July 1997,Risk-On,"UPRO 25%, EURL 25%, TNA 25%, EDC 25%"
▸,1997-05-30→ June 1997,Risk-On,"TQQQ 25%, UPRO 25%, ERX 25%, EURL 25%"
▸,1997-04-30→ May 1997,Risk-On,"UPRO 25%, TQQQ 25%, EDV 25%, IEF 25%"
▸,1997-03-31→ April 1997,Risk-Off,BIL 100%
▸,1997-02-28→ March 1997,Risk-On,"EDC 25%, UPRO 25%, TQQQ 25%, TNA 25%"
▸,1997-01-31→ February 1997,Risk-On,"TQQQ 25%, UPRO 25%, ERX 25%, EDC 25%"
▸,1996-12-31→ January 1997,Risk-On,"TQQQ 25%, ERX 25%, TNA 25%, UPRO 25%"
▸,1996-11-29→ December 1996,Risk-On,"ERX 25%, TQQQ 25%, UPRO 25%, TMF 25%"
▸,1996-10-31→ November 1996,Risk-On,"ERX 25%, UPRO 25%, TQQQ 25%, EDV 25%"
▸,1996-09-30→ October 1996,Risk-On,"ERX 25%, TQQQ 25%, UPRO 25%, TNA 25%"
▸,1996-08-30→ September 1996,Risk-On,"ERX 25%, PDBC 25%, TQQQ 25%, UPRO 25%"
▸,1996-07-31→ August 1996,Risk-On,"BIL 50%, ERX 25%, UPRO 25%"
▸,1996-06-28→ July 1996,Risk-On,"ERX 25%, TQQQ 25%, UPRO 25%, EDC 25%"
▸,1996-05-31→ June 1996,Risk-On,"TNA 25%, ERX 25%, TQQQ 25%, EDC 25%"
▸,1996-04-30→ May 1996,Risk-On,"ERX 25%, TNA 25%, EURL 25%, TQQQ 25%"
▸,1996-03-29→ April 1996,Risk-On,"ERX 25%, TNA 25%, EDC 25%, EURL 25%"
▸,1996-02-29→ March 1996,Risk-On,"EDC 25%, UPRO 25%, EURL 25%, TNA 25%"
▸,1996-01-31→ February 1996,Risk-On,"UPRO 25%, ERX 25%, EDC 25%, TMF 25%"
▸,1995-12-29→ January 1996,Risk-On,"TMF 25%, ERX 25%, UPRO 25%, PDBC 25%"
▸,1995-11-30→ December 1995,Risk-On,"UPRO 25%, TMF 25%, EDV 25%, TNA 25%"
▸,1995-10-31→ November 1995,Risk-On,"TMF 25%, TQQQ 25%, EDV 25%, UPRO 25%"
▸,1995-09-29→ October 1995,Risk-On,"UPRO 25%, TNA 25%, TQQQ 25%, TMF 25%"
▸,1995-08-31→ September 1995,Risk-On,"TQQQ 25%, TNA 25%, UPRO 25%, EDV 25%"
▸,1995-07-31→ August 1995,Risk-On,"TQQQ 25%, TNA 25%, UPRO 25%, EDV 25%"
▸,1995-06-30→ July 1995,Risk-On,"TQQQ 25%, TMF 25%, UPRO 25%, TNA 25%"
▸,1995-05-31→ June 1995,Risk-On,"TMF 25%, TQQQ 25%, UPRO 25%, EDV 25%"
▸,1995-04-28→ May 1995,Risk-On,"TQQQ 25%, UPRO 25%, EDV 25%, ERX 25%"
▸,1995-03-31→ April 1995,Risk-On,"TQQQ 25%, UPRO 25%, EDV 25%, TMF 25%"
▸,1995-02-28→ March 1995,Risk-On,"UPRO 25%, TQQQ 25%, EDV 25%, TMF 25%"
▸,1995-01-31→ February 1995,Risk-Off,BIL 100%
▸,1994-12-30→ January 1995,Risk-Off,BIL 100%
▸,1994-11-30→ December 1994,Risk-Off,BIL 100%
▸,1994-10-31→ November 1994,Risk-Off,BIL 100%
▸,1994-09-30→ October 1994,Risk-Off,BIL 100%
▸,1994-08-31→ September 1994,Risk-Off,BIL 100%
▸,1994-07-29→ August 1994,Risk-Off,BIL 100%
▸,1994-06-30→ July 1994,Risk-Off,BIL 100%
▸,1994-05-31→ June 1994,Risk-Off,BIL 100%
▸,1994-04-29→ May 1994,Risk-Off,BIL 100%
▸,1994-03-31→ April 1994,Risk-Off,BIL 100%
▸,1994-02-28→ March 1994,Risk-Off,BIL 100%
▸,1994-01-31→ February 1994,Risk-On,"EDC 25%, EURL 25%, TNA 25%, TQQQ 25%"
▸,1993-12-31→ January 1994,Risk-On,"EDC 25%, EURL 25%, UGL 25%, TNA 25%"
▸,1993-11-30→ December 1993,Risk-On,"EDC 25%, EURL 25%, UGL 25%, TNA 25%"
▸,1993-10-29→ November 1993,Risk-On,"EDC 25%, EURL 25%, TNA 25%, TQQQ 25%"
▸,1993-09-30→ October 1993,Risk-On,"EDC 25%, EURL 25%, TNA 25%, ERX 25%"
▸,1993-08-31→ September 1993,Risk-On,"EDC 25%, EURL 25%, TMF 25%, ERX 25%"
▸,1993-07-30→ August 1993,Risk-On,"EDC 25%, EURL 25%, UGL 25%, TMF 25%"
▸,1993-06-30→ July 1993,Risk-On,"UGL 25%, EDC 25%, ERX 25%, TMF 25%"
▸,1993-05-31→ June 1993,Risk-On,"EDC 25%, UGL 25%, ERX 25%, EURL 25%"
▸,1993-04-30→ May 1993,Risk-On,"EDC 25%, ERX 25%, UGL 25%, EURL 25%"
▸,1993-03-31→ April 1993,Risk-On,"ERX 25%, EDC 25%, TNA 25%, TMF 25%"
▸,1993-02-26→ March 1993,Risk-On,"EDC 25%, TMF 25%, ERX 25%, EDV 25%"
▸,1993-01-29→ February 1993,Risk-On,"TNA 25%, TMF 25%, TQQQ 25%, EDV 25%"
▸,1992-12-31→ January 1993,Risk-On,"TNA 25%, TQQQ 25%, UPRO 25%, EDV 25%"
▸,1992-11-30→ December 1992,Risk-On,"TNA 25%, TQQQ 25%, UPRO 25%, EDV 25%"
▸,1992-10-30→ November 1992,Risk-On,"EDV 25%, TQQQ 25%, TMF 25%, TNA 25%"
▸,1992-09-30→ October 1992,Risk-On,"TMF 25%, EDV 25%, ERX 25%, UPRO 25%"
▸,1992-08-31→ September 1992,Risk-On,"IEF 50%, TMF 25%, EDV 25%"
▸,1992-07-31→ August 1992,Risk-On,"TMF 25%, EDV 25%, UPRO 25%, EDC 25%"
▸,1992-06-30→ July 1992,Risk-On,"EDC 25%, EDV 25%, TMF 25%, EURL 25%"
▸,1992-05-29→ June 1992,Risk-On,"EDC 25%, EURL 25%, TMF 25%, ERX 25%"
▸,1992-04-30→ May 1992,Risk-On,"EDC 25%, UPRO 25%, EDV 25%, TNA 25%"
▸,1992-03-31→ April 1992,Risk-On,"TNA 25%, EDC 25%, EDV 25%, TQQQ 25%"
▸,1992-02-28→ March 1992,Risk-On,"TNA 25%, TQQQ 25%, EDC 25%, UPRO 25%"
▸,1992-01-31→ February 1992,Risk-On,"TNA 25%, TQQQ 25%, EDV 25%, UPRO 25%"
▸,1991-12-31→ January 1992,Risk-On,"TQQQ 25%, TMF 25%, UPRO 25%, TNA 25%"
▸,1991-11-29→ December 1991,Risk-On,"EDV 25%, TMF 25%, TQQQ 25%, TNA 25%"
▸,1991-10-31→ November 1991,Risk-On,"TNA 25%, TMF 25%, TQQQ 25%, EDV 25%"
▸,1991-09-30→ October 1991,Risk-On,"TMF 25%, EDV 25%, TNA 25%, TQQQ 25%"
▸,1991-08-30→ September 1991,Risk-On,"TMF 25%, TQQQ 25%, EDV 25%, TNA 25%"
▸,1991-07-31→ August 1991,Risk-On,"UPRO 25%, TQQQ 25%, EDV 25%, TNA 25%"
▸,1991-06-28→ July 1991,Risk-On,"EDV 25%, UPRO 25%, TNA 25%, IEF 25%"
▸,1991-05-31→ June 1991,Risk-On,"TQQQ 25%, TNA 25%, UPRO 25%, EDV 25%"
▸,1991-04-30→ May 1991,Risk-On,"TQQQ 25%, TNA 25%, UPRO 25%, EDV 25%"
▸,1991-03-29→ April 1991,Risk-On,"TQQQ 25%, TNA 25%, UPRO 25%, EDV 25%"
▸,1991-02-28→ March 1991,Risk-On,"TQQQ 25%, TNA 25%, UPRO 25%, EDV 25%"
▸,1991-01-31→ February 1991,Risk-On,"TQQQ 25%, TMF 25%, EDV 25%, UPRO 25%"
▸,1990-12-31→ January 1991,Risk-On,"IEF 50%, EDV 25%, TMF 25%"
▸,1990-11-30→ December 1990,Risk-On,"EDV 25%, TMF 25%, PDBC 25%, IEF 25%"
▸,1990-10-31→ November 1990,Risk-On,"BIL 50%, PDBC 25%, EDV 25%"
▸,1990-09-28→ October 1990,Risk-On,"PDBC 25%, ERX 25%, EDV 25%, BIL 25%"
▸,1990-08-31→ September 1990,Risk-On,"PDBC 25%, ERX 25%, UGL 25%, BIL 25%"
▸,1990-07-31→ August 1990,Risk-On,"EDC 25%, EURL 25%, ERX 25%, UGL 25%"
▸,1990-06-29→ July 1990,Risk-On,"EDC 25%, EURL 25%, TQQQ 25%, EDV 25%"
▸,1990-05-31→ June 1990,Risk-On,"EDC 25%, EURL 25%, UPRO 25%, TQQQ 25%"
▸,1990-04-30→ May 1990,Risk-On,"BIL 50%, EDC 25%, ERX 25%"
▸,1990-03-30→ April 1990,Risk-On,"ERX 25%, PDBC 25%, EDV 25%, UPRO 25%"
▸,1990-02-28→ March 1990,Risk-On,"EDC 25%, ERX 25%, PDBC 25%, EDV 25%"
▸,1990-01-31→ February 1990,Risk-On,"EDC 25%, UGL 25%, ERX 25%, PDBC 25%"
▸,1989-12-29→ January 1990,Risk-On,"EDC 25%, ERX 25%, UGL 25%, EURL 25%"
▸,1989-11-30→ December 1989,Risk-On,"EDC 25%, UGL 25%, ERX 25%, EDV 25%"
▸,1989-10-31→ November 1989,Risk-On,"EDC 25%, ERX 25%, TMF 25%, EDV 25%"
▸,1989-09-29→ October 1989,Risk-On,"EDC 25%, TQQQ 25%, ERX 25%, EURL 25%"
▸,1989-08-31→ September 1989,Risk-On,"UPRO 25%, ERX 25%, EDC 25%, TQQQ 25%"
▸,1989-07-31→ August 1989,Risk-On,"UPRO 25%, TMF 25%, ERX 25%, EURL 25%"
▸,1989-06-30→ July 1989,Risk-On,"TMF 25%, EDV 25%, ERX 25%, EDC 25%"
▸,1989-05-31→ June 1989,Risk-On,"EDC 25%, TQQQ 25%, TNA 25%, UPRO 25%"
▸,1989-04-28→ May 1989,Risk-On,"EDC 25%, ERX 25%, TNA 25%, TQQQ 25%"
▸,1989-03-31→ April 1989,Risk-On,"EDC 25%, PDBC 25%, ERX 25%, TNA 25%"
▸,1989-02-28→ March 1989,Risk-On,"EDC 25%, EURL 25%, PDBC 25%, TNA 25%"
▸,1989-01-31→ February 1989,Risk-On,"EURL 25%, ERX 25%, UPRO 25%, PDBC 25%"
▸,1988-12-30→ January 1989,Risk-On,"EURL 25%, PDBC 25%, EDC 25%, EDV 25%"
▸,1988-11-30→ December 1988,Risk-On,"EURL 25%, EDC 25%, EDV 25%, PDBC 25%"
▸,1988-10-31→ November 1988,Risk-On,"EURL 25%, EDC 25%, EDV 25%, TMF 25%"
▸,1988-09-30→ October 1988,Risk-On,"EDC 25%, EDV 25%, TMF 25%, IEF 25%"
▸,1988-08-31→ September 1988,Risk-On,"BIL 75%, EDV 25%"
▸,1988-07-29→ August 1988,Risk-Off,BIL 100%
▸,1988-06-30→ July 1988,Risk-On,"EDC 25%, TNA 25%, EDV 25%, TQQQ 25%"
▸,1988-05-31→ June 1988,Risk-Off,BIL 100%
▸,1988-04-29→ May 1988,Risk-On,"EDC 25%, EURL 25%, ERX 25%, TNA 25%"
▸,1988-03-31→ April 1988,Risk-On,"EDC 25%, EURL 25%, EDV 25%, IEF 25%"
▸,1988-02-29→ March 1988,Risk-On,"EURL 25%, EDC 25%, EDV 25%, TMF 25%"
▸,1988-01-29→ February 1988,Risk-On,"TMF 25%, EDC 25%, EDV 25%, EURL 25%"
▸,1987-12-31→ January 1988,Risk-On,"BIL 50%, UGL 25%, EDV 25%"
▸,1987-11-30→ December 1987,Risk-On,"BIL 50%, UGL 25%, PDBC 25%"
▸,1987-10-30→ November 1987,Risk-On,"UGL 25%, EDV 25%, PDBC 25%, BIL 25%"
▸,1987-09-30→ October 1987,Risk-Off,BIL 100%
▸,1987-08-31→ September 1987,Risk-Off,BIL 100%
▸,1987-07-31→ August 1987,Risk-On,"EDC 25%, TNA 25%, ERX 25%, UPRO 25%"
▸,1987-06-30→ July 1987,Risk-On,"EDC 25%, EURL 25%, ERX 25%, TNA 25%"
▸,1987-05-29→ June 1987,Risk-On,"EURL 25%, EDC 25%, ERX 25%, UGL 25%"
▸,1987-04-30→ May 1987,Risk-On,"EURL 25%, UGL 25%, EDC 25%, ERX 25%"
▸,1987-03-31→ April 1987,Risk-On,"EURL 25%, TNA 25%, ERX 25%, TQQQ 25%"
▸,1987-02-27→ March 1987,Risk-On,"EURL 25%, TNA 25%, TQQQ 25%, ERX 25%"
▸,1987-01-30→ February 1987,Risk-On,"EURL 25%, ERX 25%, TNA 25%, TQQQ 25%"
▸,1986-12-31→ January 1987,Risk-On,"EURL 25%, EDV 25%, UGL 25%, ERX 25%"
▸,1986-11-28→ December 1986,Risk-On,"EURL 25%, EDV 25%, ERX 25%, TMF 25%"
▸,1986-10-31→ November 1986,Risk-On,"UGL 25%, EDV 25%, ERX 25%, EURL 25%"
▸,1986-09-30→ October 1986,Risk-On,"UGL 25%, EURL 25%, EDV 25%, ERX 25%"
▸,1986-08-29→ September 1986,Risk-On,"EURL 25%, UGL 25%, TMF 25%, EDV 25%"
▸,1986-07-31→ August 1986,Risk-On,"EURL 25%, UGL 25%, EDV 25%, TMF 25%"
▸,1986-06-30→ July 1986,Risk-On,"EURL 25%, TNA 25%, EDC 25%, TMF 25%"
▸,1986-05-30→ June 1986,Risk-On,"EURL 25%, TNA 25%, EDC 25%, TQQQ 25%"
▸,1986-04-30→ May 1986,Risk-On,"EURL 25%, EDC 25%, TMF 25%, TNA 25%"
▸,1986-03-31→ April 1986,Risk-On,"EURL 25%, TMF 25%, TNA 25%, EDC 25%"
▸,1986-02-28→ March 1986,Risk-On,"EURL 25%, TMF 25%, TNA 25%, EDV 25%"
▸,1986-01-31→ February 1986,Risk-On,"EURL 25%, TMF 25%, TNA 25%, EDV 25%"
▸,1985-12-31→ January 1986,Risk-On,"EURL 25%, TMF 25%, EDV 25%, TNA 25%"
▸,1985-11-29→ December 1985,Risk-On,"EDC 25%, EURL 25%, TMF 25%, TNA 25%"
▸,1985-10-31→ November 1985,Risk-On,"EDC 25%, EURL 25%, TMF 25%, EDV 25%"
▸,1985-09-30→ October 1985,Risk-On,"EDC 25%, EURL 25%, EDV 25%, TMF 25%"
▸,1985-08-30→ September 1985,Risk-On,"EURL 25%, EDC 25%, TMF 25%, EDV 25%"
▸,1985-07-31→ August 1985,Risk-On,"EURL 25%, EDC 25%, TNA 25%, TMF 25%"
▸,1985-06-28→ July 1985,Risk-On,"TMF 25%, EURL 25%, EDV 25%, TNA 25%"
▸,1985-05-31→ June 1985,Risk-On,"TMF 25%, EDV 25%, EURL 25%, TNA 25%"
▸,1985-04-30→ May 1985,Risk-On,"EURL 25%, TMF 25%, ERX 25%, EDV 25%"
▸,1985-03-29→ April 1985,Risk-On,"EURL 25%, TNA 25%, TQQQ 25%, EDV 25%"
▸,1985-02-28→ March 1985,Risk-On,"TNA 25%, TQQQ 25%, UPRO 25%, EDV 25%"
▸,1985-01-31→ February 1985,Risk-On,"TMF 25%, TNA 25%, TQQQ 25%, EDV 25%"
▸,1984-12-31→ January 1985,Risk-On,"TMF 25%, EDV 25%, EDC 25%, EURL 25%"
▸,1984-11-30→ December 1984,Risk-On,"TMF 25%, EDV 25%, EDC 25%, EURL 25%"
▸,1984-10-31→ November 1984,Risk-On,"TMF 25%, EDV 25%, EURL 25%, TQQQ 25%"
▸,1984-09-28→ October 1984,Risk-On,"EDV 25%, TMF 25%, UPRO 25%, IEF 25%"
▸,1984-08-31→ September 1984,Risk-On,"TQQQ 25%, EDV 25%, TMF 25%, UPRO 25%"
▸,1984-07-31→ August 1984,Risk-On,"BIL 75%, EDV 25%"
▸,1984-06-29→ July 1984,Risk-Off,BIL 100%
▸,1984-05-31→ June 1984,Risk-Off,BIL 100%
▸,1984-04-30→ May 1984,Risk-Off,BIL 100%
▸,1984-03-30→ April 1984,Risk-On,"EURL 25%, EDC 25%, PDBC 25%, ERX 25%"
▸,1984-02-29→ March 1984,Risk-On,"EDC 25%, EURL 25%, PDBC 25%, ERX 25%"
▸,1984-01-31→ February 1984,Risk-On,"EDC 25%, EURL 25%, PDBC 25%, EDV 25%"
▸,1983-12-30→ January 1984,Risk-On,"EDC 25%, EURL 25%, PDBC 25%, BIL 25%"
▸,1983-11-30→ December 1983,Risk-On,"EURL 25%, EDC 25%, TNA 25%, UPRO 25%"
▸,1983-10-31→ November 1983,Risk-On,"EURL 25%, EDC 25%, PDBC 25%, BIL 25%"
▸,1983-09-30→ October 1983,Risk-On,"EURL 25%, PDBC 25%, TNA 25%, ERX 25%"
▸,1983-08-31→ September 1983,Risk-On,"ERX 25%, PDBC 25%, EURL 25%, TNA 25%"
▸,1983-07-29→ August 1983,Risk-On,"TNA 25%, ERX 25%, EURL 25%, PDBC 25%"
▸,1983-06-30→ July 1983,Risk-On,"TNA 25%, TQQQ 25%, ERX 25%, EURL 25%"
▸,1983-05-31→ June 1983,Risk-On,"TNA 25%, TQQQ 25%, EURL 25%, ERX 25%"
▸,1983-04-29→ May 1983,Risk-On,"TNA 25%, EURL 25%, TQQQ 25%, EDC 25%"
▸,1983-03-31→ April 1983,Risk-On,"TNA 25%, TQQQ 25%, EURL 25%, UPRO 25%"
▸,1983-02-28→ March 1983,Risk-On,"TNA 25%, TQQQ 25%, TMF 25%, EURL 25%"
▸,1983-01-31→ February 1983,Risk-On,"TNA 25%, TQQQ 25%, UGL 25%, TMF 25%"
▸,1982-12-31→ January 1983,Risk-On,"TMF 25%, TNA 25%, TQQQ 25%, EDV 25%"
▸,1982-11-30→ December 1982,Risk-On,"TNA 25%, TMF 25%, TQQQ 25%, EDV 25%"
▸,1982-10-29→ November 1982,Risk-On,"TMF 25%, TNA 25%, EDV 25%, TQQQ 25%"
▸,1982-09-30→ October 1982,Risk-On,"TMF 25%, EDV 25%, TNA 25%, UGL 25%"
▸,1982-08-31→ September 1982,Risk-On,"TMF 25%, UGL 25%, EDV 25%, TQQQ 25%"
▸,1982-07-30→ August 1982,Risk-On,"EDV 25%, TMF 25%, PDBC 25%, IEF 25%"
▸,1982-06-30→ July 1982,Risk-On,"BIL 50%, EDV 25%, PDBC 25%"
▸,1982-05-31→ June 1982,Risk-On,"PDBC 25%, EDV 25%, TMF 25%, BIL 25%"
▸,1982-04-30→ May 1982,Risk-On,"EDV 25%, TMF 25%, PDBC 25%, IEF 25%"
▸,1982-03-31→ April 1982,Risk-On,"EDV 25%, TMF 25%, PDBC 25%, IEF 25%"
▸,1982-02-26→ March 1982,Risk-On,"BIL 50%, EDV 25%, TMF 25%"