Year,Return,Drawdown,Jan,Feb,Mar,Apr,May,Jun,Jul,Aug,Sep,Oct,Nov,Dec
2026,12.94,-6.11,2.83,1.29,-6.11,9.52,4.62,-0.35,-0.34,2.72,-1.19,,,
2025,22.41,-3.96,3.14,-0.3,-3.67,0.52,5.69,4.81,1.06,2.68,3.6,2.29,0.04,0.89
2024,17.45,-3.55,0.28,4.51,3.26,-3.55,4.58,2.04,1.54,2.5,2.2,-2.09,4.03,-2.66
2023,22.28,-9.43,7.5,-3.32,3.33,1.57,-1.05,5.79,3.6,-2.91,-4.28,-2.54,8.89,4.81
2022,-18.37,-25.72,-4.55,-3.06,1.94,-8.07,0.45,-8.09,7.07,-4.36,-9.39,6.35,8.34,-4.62
2021,18.67,-4.23,-0.31,2.29,2.85,4.25,1.47,1.26,0.91,2.17,-4.23,5.39,-2.31,3.9
2020,16.33,-21.05,-1.44,-7.49,-13.41,9.83,5.09,2.93,5.36,6.03,-2.95,-2.23,11.76,4.69
2019,26.58,-6.07,8.04,2.47,1.58,3.42,-6.07,6.49,0.07,-2.21,2.25,2.74,2.34,3.43
2018,-9.12,-14.02,5.7,-4.48,-1.5,0.4,0.47,-0.58,3.07,0.7,0.61,-7.43,1.59,-7.21
2017,24.35,0,2.91,2.51,1.35,1.61,2.21,0.8,2.73,0.4,1.88,2.15,2.02,1.45
2016,8.4,-6.49,-5.3,-1.25,7.39,1.34,0.33,-0.05,3.77,0.34,0.94,-1.91,1.03,1.96
2015,-2.22,-11.6,-1.32,5.51,-1.46,2.87,0,-2.58,0.82,-6.81,-3.44,7.66,-0.53,-2.12
2014,3.82,-4.63,-4.63,5.2,0.57,1.19,2.01,1.81,-1.44,2.58,-3.32,1.21,1.38,-2.37
2013,22.35,-2.99,3.76,-0.1,1.83,2.84,-0.38,-2.61,4.58,-2.29,5.54,3.95,1.55,2.06
2012,16.78,-10.32,5.48,4.95,1.11,-1.14,-9.28,5.11,0.82,2.78,2.71,-0.51,1.59,2.89
2011,-7.85,-21.9,1.07,3.11,-0.86,4.82,-1.95,-1.75,-2.28,-7.36,-10.44,11.32,-1.15,-0.99
2010,12.77,-12.8,-5.3,2.17,6.33,-0.23,-9.38,-3.56,9.34,-4.28,9.81,3.75,-2.19,7.78
2009,32.35,-19.99,-11.38,-9.71,9.21,12.78,10.49,-1.52,9.42,2.97,4.86,-2.7,5.4,1.87
2008,-42.31,-42.46,-6.5,-3.09,-1.42,4.33,1.05,-9.04,-1.46,1.06,-10.38,-18.01,-8.2,0.27
2007,12.23,-3.69,2.1,-1.37,1.73,4.93,3.87,-0.9,-2.5,1.78,4.24,1.81,-3.17,-0.54
2006,22.32,-2.45,2.94,1.09,2.15,1.75,-2.45,0.77,0.94,2.61,3.08,3.49,2.36,1.72
2005,11.83,-2.46,-1.66,2.67,-1.23,-1.25,3.74,0.72,4.26,-0.36,1.31,-1.71,4.7,0.35
2004,16.95,-2.64,2.5,1.86,-0.81,-1.36,2.19,2.3,-2.64,0.73,1.46,1.72,4.72,3.32
2003,36.08,-2.46,-1.8,-0.67,0.88,8.96,5.96,1.62,2.31,2.54,-0.5,5.64,1.55,5.26
2002,-18.93,-26.51,-0.76,-1.57,3.54,-5.56,-0.36,-7.06,-7.51,0.94,-9.99,8.31,6.27,-5.24
2001,-16.14,-25.94,4.08,-9.92,-6.03,8.24,-0.95,-2.82,-1.44,-6.51,-8.87,0.88,7.69,0.15
2000,-11.41,-14.09,-5.12,-1.67,9.57,-3.66,-1.72,1.84,-1.73,6.46,-5.68,-0.62,-7.72,-0.68
1999,26.3,-4.32,4.01,-2.72,4.6,4.21,-1.8,5.87,-2.59,-0.06,-1.72,6.6,2.02,5.86
1998,22.57,-16.58,0.78,6.46,4.45,0.84,-2.57,3.89,-1.83,-15.02,6.1,7.97,5.36,6.42
1997,15.14,-7.16,4.65,-0.49,-6.01,4.99,5.21,2.99,7.21,-6.92,3.96,-4.06,3.02,0.85
1996,13.05,-5.44,2.77,-0.44,0.98,0.35,1.58,0.16,-5.44,1.24,5.15,2.71,7.11,-3.23
1995,19.28,-1.67,1.8,2.61,1.37,1.62,2.74,0.75,2.08,-0.89,3.32,-1.67,3.69,0.48
1994,5.7,-6.11,3.93,-2.48,-3.72,1.56,2.01,-1.8,3.59,4.13,-2.03,3.16,-3.41,1.11
1993,24.75,-1.19,2.04,2.55,3.24,-1.19,3.69,1.37,0.71,4.59,0.32,2.93,0.12,2.1
1992,-4.32,-7.14,-2.86,0.25,-2.97,1.97,-0.51,-2.59,3.25,-3.23,0.22,-0.69,2.71,0.32
1991,19.77,-6.88,3.48,6.34,1.65,-0.58,3.62,-5.49,4.05,1.69,-2.52,0.65,-5.09,11.62
1990,-16.58,-22.62,-7.82,0.09,1.47,-3.77,8.94,-1.82,-1.52,-10.93,-6.71,-1.86,5.93,1.77
1989,17.52,-4.87,6.17,-3.58,1.18,4.24,3.14,-1.65,8.52,1.02,-1.4,-3.52,1.23,1.64
1988,23.86,-2.72,4.81,5.17,-2.43,1.59,1.37,5,0.19,-2.72,4.63,3.14,-0.88,2.16
1987,16.65,-26.12,14.26,4.8,3.64,-0.17,1.81,5.61,5.44,4.36,-1.48,-19.69,-6.62,7.71
1986,42.65,-5.84,2.48,9.43,7.1,0.43,6.78,3.12,-3.67,8.22,-5.84,6.41,3.65,-0.8
1985,41.65,-2.26,8.45,2.17,0.79,0.5,6.62,2.11,0.5,0.07,-2.26,4.83,7.15,4.99
1984,5.69,-7.06,-0.55,-3.36,1.59,0.64,-5.42,2.16,-1.52,11.19,-0.04,0.21,-1.05,2.56
1983,23.14,-3.1,3.57,2.62,3.64,7.71,-0.74,3.85,-3.1,1.94,1.37,-1.26,2.35,-0.5
1982,11.14,-15.33,-2.3,-5.98,-1.6,3.35,-3.81,-2.59,-3.27,12.3,0.22,11.13,3.77,1.14
1981,-3.39,-11.4,-4.28,2.27,3.89,-2.02,0.78,-0.7,0.15,-5.23,-4.8,5.31,4.49,-2.56
1980,27.59,-10.22,5.58,0.05,-10.22,3.99,5.24,2.5,6.42,0.98,2.43,1.74,10.99,-3.51
1979,12.57,-7.36,3.66,-3.31,5.32,-0.07,-2.11,3.67,0.74,5.86,-0.2,-7.17,4.93,1.43
1978,18.11,-7.38,-4.98,-0.63,3.6,9.31,2.19,-0.56,6.29,4.08,0.33,-7.38,3.26,2.4
1977,1.91,-5.11,-4.14,-0.57,-0.44,0.86,-0.58,5.18,-0.64,-0.51,0.83,-3.04,4.02,1.29
1976,14.61,-3.44,11.37,-1.52,2.04,-1.7,-1.77,4.44,-1.41,-0.48,1.91,-2.94,-0.44,5.09
1975,34.35,-12.4,12.07,6.29,2.38,5.04,5.55,4.92,-6.88,-2.18,-3.83,6.41,3.07,-1.43
1974,-24.56,-32.45,-0.89,-0.08,-2.06,-3.81,-2.2,-1.71,-7.67,-8.3,-11.04,18.14,-3.62,-1.91
1973,-14.59,-15.92,-1.85,-3.55,-0.21,-4.48,-1.22,-0.67,4.67,-2.9,4.6,-0.06,-10.62,1.59
1972,23.43,-1.54,2.54,3.38,1.14,1.08,2.2,-1.54,0.34,4.17,-0.09,1.49,5.09,1.62
1971,19.45,-6.12,4.76,1.58,4.32,4.23,-3.49,0.7,-3.4,4.17,-0.05,-3.41,0.41,8.9
1970,-2.07,-22.5,-7.87,5.06,-0.08,-9.41,-6.48,-5.42,7.35,4.39,3.33,-1.55,4.78,5.79
