Year,Jan,Feb,Mar,Apr,May,Jun,Jul,Aug,Sep,Oct,Nov,Dec,Total
2026,14.10%,9.50%,10.30%,2.00%,-5.70%,-5.00%,-8.10%,6.40%,-3.10%,—,—,—,19.20%
2025,2.30%,3.80%,3.50%,0.00%,-0.20%,9.70%,2.70%,3.60%,-0.30%,-1.40%,-4.90%,0.80%,20.70%
2024,2.70%,4.70%,10.40%,-0.90%,-0.30%,7.70%,-3.30%,0.70%,2.60%,-1.60%,7.70%,-9.60%,20.90%
2023,-2.20%,0.30%,-0.20%,2.80%,8.80%,6.10%,7.70%,1.60%,2.40%,-5.80%,5.00%,4.10%,34.00%
2022,18.80%,7.10%,10.20%,-1.80%,4.10%,-4.90%,5.40%,-3.00%,-6.40%,1.80%,7.00%,-3.20%,37.40%
2021,-0.80%,22.30%,3.00%,0.70%,5.70%,4.20%,-8.30%,3.40%,-5.80%,10.20%,-5.00%,3.00%,33.20%
2020,4.00%,-7.30%,-1.10%,3.60%,1.00%,6.80%,5.70%,11.90%,-5.30%,-5.00%,11.40%,5.50%,33.20%
2019,2.70%,0.60%,4.70%,6.40%,-8.70%,3.10%,3.40%,-1.50%,1.60%,3.90%,5.40%,4.30%,27.90%
2018,7.00%,-0.40%,1.50%,-0.10%,2.90%,-0.40%,1.50%,6.50%,0.00%,-8.00%,1.60%,-8.50%,2.40%
2017,3.60%,4.50%,2.20%,2.00%,4.00%,-2.80%,4.50%,2.90%,0.80%,6.50%,1.40%,0.50%,34.30%
2016,1.80%,0.90%,2.30%,-5.10%,4.90%,-1.40%,7.10%,1.20%,2.10%,-0.80%,0.20%,2.30%,16.00%
2015,-3.50%,8.00%,-3.40%,2.80%,1.90%,-4.10%,2.90%,-5.50%,0.80%,2.50%,0.60%,-2.10%,-0.10%
2014,-2.60%,4.40%,0.40%,0.30%,3.80%,1.90%,-3.60%,3.20%,-0.50%,1.60%,4.80%,-2.20%,11.60%
2013,8.20%,0.40%,2.50%,-1.30%,2.60%,-2.90%,3.70%,-1.00%,2.50%,5.00%,3.10%,3.50%,29.30%
2012,6.10%,7.10%,4.50%,-1.10%,-10.80%,3.10%,1.90%,4.20%,1.50%,-2.10%,-1.20%,-0.50%,12.00%
2011,3.20%,2.20%,1.80%,0.90%,-4.20%,-2.60%,0.40%,-10.30%,-0.80%,1.70%,1.70%,2.40%,-4.50%
2010,-4.50%,3.40%,6.80%,1.30%,-11.50%,0.00%,3.40%,0.80%,3.00%,5.70%,-1.60%,5.60%,11.20%
2009,-5.50%,-4.40%,3.80%,0.80%,1.50%,3.50%,8.20%,1.60%,4.60%,-1.20%,5.50%,5.80%,25.80%
2008,-7.50%,0.30%,1.50%,5.10%,3.60%,-0.70%,-6.40%,1.90%,-0.70%,-6.60%,3.70%,2.60%,-4.20%
2007,-0.90%,-2.00%,6.30%,5.10%,7.80%,1.30%,0.00%,1.20%,3.60%,5.30%,-4.30%,8.30%,35.40%
2006,14.60%,-9.20%,4.20%,5.00%,-2.80%,2.50%,3.30%,6.80%,4.50%,4.00%,2.80%,-2.90%,36.00%
2005,3.40%,16.80%,-1.90%,-5.40%,2.80%,-1.40%,7.00%,6.40%,6.30%,-9.00%,1.50%,1.80%,29.00%
2004,2.30%,5.30%,-0.60%,1.70%,-0.30%,6.20%,3.10%,-1.50%,9.80%,0.60%,6.70%,-2.80%,33.90%
2003,-2.30%,-5.30%,5.00%,8.60%,8.50%,0.70%,3.10%,4.80%,-0.90%,7.30%,0.70%,13.10%,50.80%
2002,-0.20%,1.70%,-0.30%,-12.20%,-0.20%,-4.20%,-1.00%,1.70%,-1.70%,1.30%,-2.40%,3.10%,-14.40%
2001,-5.70%,2.10%,-1.40%,4.80%,0.70%,-5.00%,-0.90%,-3.60%,1.00%,0.80%,1.00%,3.10%,-3.60%
2000,0.80%,-4.20%,12.40%,-1.50%,11.70%,-5.50%,-5.50%,10.20%,1.50%,5.70%,2.70%,3.00%,33.40%
1999,15.90%,-9.90%,7.40%,0.60%,0.40%,1.90%,1.90%,3.40%,-4.70%,0.40%,-0.40%,0.70%,16.60%
1998,5.40%,11.30%,0.40%,4.10%,-7.50%,8.30%,0.30%,-17.50%,4.30%,4.10%,15.70%,16.50%,48.50%
1997,2.30%,-10.20%,2.80%,5.70%,10.60%,1.30%,11.30%,2.80%,7.20%,-2.80%,-1.90%,-4.80%,24.50%
1996,1.50%,5.40%,-7.70%,4.70%,1.00%,1.90%,-4.50%,3.80%,5.20%,4.10%,5.50%,-0.80%,20.80%
1995,-4.00%,5.80%,5.40%,3.10%,2.60%,-2.90%,2.40%,-0.70%,4.50%,-1.50%,-0.50%,7.30%,22.60%
1994,5.00%,-3.40%,-4.80%,2.80%,-2.00%,-0.30%,2.90%,10.40%,-0.90%,5.70%,-6.10%,0.50%,8.70%
1993,2.90%,6.50%,5.10%,1.90%,3.00%,1.30%,-2.80%,7.70%,-0.60%,-1.40%,-1.10%,6.50%,32.60%
1992,3.70%,1.60%,-3.00%,6.80%,4.80%,-4.90%,2.70%,-5.20%,4.90%,-4.40%,-2.30%,1.40%,5.10%
1991,-6.60%,5.00%,8.00%,-4.90%,5.50%,-4.60%,5.10%,4.80%,0.50%,2.70%,-3.30%,7.30%,19.60%
1990,-2.10%,-0.30%,-0.50%,-3.50%,5.10%,0.80%,-5.30%,-13.60%,0.00%,5.10%,2.60%,1.30%,-11.30%
1989,7.60%,-1.60%,5.80%,3.40%,1.20%,2.10%,4.20%,2.20%,2.30%,-0.80%,0.10%,1.20%,30.90%
1988,8.60%,-0.80%,-0.90%,0.20%,3.10%,2.60%,-7.50%,-3.90%,-1.10%,0.90%,0.20%,2.90%,3.60%
1987,18.60%,11.30%,-5.70%,-2.90%,3.50%,3.50%,5.20%,-0.60%,-2.20%,-26.40%,-3.60%,0.90%,-5.30%
1986,-7.00%,-2.30%,-0.50%,5.00%,-3.10%,-6.20%,-12.80%,5.00%,-8.90%,5.70%,4.00%,-2.10%,-22.50%
1985,14.80%,-2.60%,-8.50%,-7.50%,1.60%,-4.10%,1.10%,3.60%,-3.10%,6.00%,1.60%,5.20%,6.00%
1984,4.00%,-0.70%,0.20%,1.70%,-1.60%,0.70%,3.20%,5.40%,-6.70%,-6.50%,-1.20%,-0.10%,-2.40%
1983,18.10%,7.20%,0.70%,6.50%,10.50%,9.00%,-2.10%,6.40%,-3.20%,-5.10%,-1.70%,3.00%,58.30%
1982,-0.60%,-0.10%,1.30%,5.10%,-0.50%,-1.30%,3.20%,3.40%,-0.10%,29.20%,15.00%,2.00%,67.70%
1981,-10.40%,0.40%,5.00%,0.20%,4.20%,-6.70%,-0.60%,-1.10%,-5.70%,4.90%,5.90%,0.50%,-4.70%
1980,14.20%,12.60%,-17.80%,11.80%,3.90%,5.80%,1.70%,3.80%,6.80%,8.00%,24.60%,-10.90%,75.60%
1979,6.30%,0.50%,2.20%,4.20%,-2.30%,9.20%,1.70%,8.00%,5.80%,-2.40%,8.90%,2.70%,54.20%
1978,-4.70%,-0.40%,2.50%,3.30%,0.70%,-3.70%,3.40%,5.10%,4.80%,-10.60%,2.90%,-1.20%,0.90%
1977,0.30%,-3.00%,0.00%,2.00%,1.70%,5.70%,-1.90%,-3.30%,-0.20%,-2.20%,2.90%,-0.60%,1.00%
1976,18.30%,-3.20%,7.30%,2.10%,5.50%,5.10%,-0.70%,-0.90%,2.80%,-4.50%,0.80%,6.30%,43.80%
1975,18.80%,2.20%,0.90%,5.50%,12.20%,6.20%,-4.20%,-0.90%,-1.20%,-1.40%,4.90%,-1.30%,47.80%
1974,4.50%,0.30%,-3.60%,-12.20%,-4.90%,-6.20%,0.80%,-8.60%,-1.30%,13.00%,-0.20%,-0.80%,-19.50%
1973,5.00%,-7.40%,3.10%,-1.00%,0.30%,-2.50%,-2.40%,-2.10%,7.90%,5.10%,-6.20%,3.30%,2.00%
1972,8.30%,1.90%,1.10%,-0.80%,3.60%,-1.00%,-1.10%,2.80%,-0.30%,3.10%,6.20%,1.00%,27.30%
1971,0.40%,2.70%,8.10%,4.20%,-4.70%,1.00%,-8.70%,5.70%,-1.80%,-4.30%,-0.30%,5.70%,6.90%
1970,-4.20%,8.40%,2.90%,-8.10%,-5.40%,-4.70%,8.70%,4.70%,-0.50%,2.90%,4.90%,2.30%,10.60%
1969,-1.10%,-4.60%,0.40%,-0.40%,3.70%,-9.90%,-3.10%,-1.30%,-2.20%,8.20%,-5.30%,-0.60%,-16.10%
1968,-0.90%,-1.60%,-3.90%,2.50%,1.20%,1.80%,-5.70%,1.20%,3.50%,2.60%,5.60%,-2.60%,3.10%
1967,2.80%,6.10%,5.40%,7.70%,-4.40%,6.30%,6.80%,-1.50%,4.20%,-1.00%,0.80%,3.10%,42.00%
1966,1.30%,5.00%,-0.90%,3.00%,-3.70%,-1.90%,-0.20%,-4.60%,4.30%,9.90%,-1.40%,2.10%,12.90%
1965,7.50%,2.20%,-0.50%,5.10%,0.50%,-5.70%,0.80%,2.10%,5.20%,5.20%,2.70%,-1.50%,25.40%
1964,2.90%,2.00%,3.40%,-3.60%,2.70%,0.50%,-1.80%,-2.70%,1.10%,-1.00%,-0.20%,0.00%,3.00%
1963,5.60%,-5.10%,2.70%,6.40%,4.20%,-4.90%,-0.70%,5.10%,0.10%,8.30%,-0.30%,3.10%,26.40%
1962,-5.00%,0.00%,0.20%,-11.10%,-5.70%,-4.60%,2.60%,0.90%,-2.60%,-1.40%,6.20%,-0.30%,-19.70%
1961,2.90%,2.70%,2.80%,0.50%,2.90%,-3.30%,1.80%,4.50%,0.20%,3.40%,2.90%,-0.70%,22.20%
1960,-9.80%,2.50%,0.50%,0.80%,3.20%,3.20%,-4.30%,2.70%,-8.80%,0.50%,4.30%,2.90%,-3.60%
1959,-2.20%,5.10%,2.30%,8.40%,4.80%,-1.00%,0.50%,-2.50%,-4.20%,5.10%,9.20%,3.40%,31.80%
1958,4.40%,1.30%,1.90%,2.20%,0.30%,3.50%,3.80%,1.80%,3.30%,4.30%,4.40%,13.10%,53.50%
1957,-4.20%,-0.40%,1.70%,3.20%,7.50%,-1.70%,1.00%,-7.20%,-6.40%,-1.20%,2.90%,2.50%,-3.20%
1956,-5.30%,6.10%,10.40%,-0.50%,-5.40%,6.60%,5.30%,-3.50%,-5.90%,0.40%,-0.70%,1.70%,7.80%
1955,4.10%,5.10%,-1.50%,5.40%,0.30%,4.40%,-3.10%,0.10%,-4.20%,-5.50%,10.90%,5.00%,21.70%
1954,6.90%,5.30%,8.60%,8.90%,-0.30%,9.30%,0.10%,-4.30%,7.30%,-1.80%,13.50%,2.90%,71.10%
1953,-2.10%,0.50%,-0.80%,-0.90%,-0.80%,-0.60%,2.20%,-4.60%,0.50%,1.40%,4.70%,0.50%,-0.30%
1952,6.60%,-3.40%,8.70%,-7.60%,2.90%,5.70%,1.60%,-2.80%,-4.30%,0.40%,8.80%,2.80%,19.30%
1951,—,—,-2.40%,10.80%,-3.00%,1.10%,5.90%,5.60%,-0.80%,1.20%,-0.80%,4.70%,23.70%