Signal date,Regime,Allocations,
▸,2026-08-28,Risk-On,TQQQ 100%
▸,2026-08-27,Risk-On,QLD 100%
▸,2026-07-30,Risk-Off,BIL 100%
▸,2026-07-29,Risk-On,QLD 100%
▸,2026-06-09,Risk-Off,BIL 100%
▸,2026-06-08,Risk-On,QLD 100%
▸,2026-06-04,Risk-On,TQQQ 100%
▸,2026-04-21,Risk-On,QLD 100%
▸,2026-03-30,Risk-Off,BIL 100%
▸,2026-02-09,Risk-On,QLD 100%
▸,2026-01-07,Risk-On,TQQQ 100%
▸,2025-12-22,Risk-On,QLD 100%
▸,2025-11-21,Risk-Off,BIL 100%
▸,2025-10-14,Risk-On,QLD 100%
▸,2025-06-05,Risk-On,TQQQ 100%
▸,2025-05-09,Risk-On,QLD 100%
▸,2025-03-04,Risk-Off,BIL 100%
▸,2025-02-28,Risk-On,QLD 100%
▸,2025-02-19,Risk-On,TQQQ 100%
▸,2024-12-19,Risk-On,QLD 100%
▸,2024-11-29,Risk-On,TQQQ 100%
▸,2024-11-07,Risk-On,QLD 100%
▸,2024-10-03,Risk-On,TQQQ 100%
▸,2024-09-30,Risk-On,QLD 100%
▸,2024-07-25,Risk-Off,BIL 100%
▸,2024-07-18,Risk-On,QLD 100%
▸,2024-05-22,Risk-On,TQQQ 100%
▸,2024-04-23,Risk-On,QLD 100%
▸,2024-04-01,Risk-On,TQQQ 100%
▸,2024-02-23,Risk-On,QLD 100%
▸,2023-12-04,Risk-On,TQQQ 100%
▸,2023-10-26,Risk-On,QLD 100%
▸,2023-09-21,Risk-On,TQQQ 100%
▸,2023-08-30,Risk-On,QLD 100%
▸,2023-08-21,Risk-On,TQQQ 100%
▸,2023-08-03,Risk-On,QLD 100%
▸,2023-07-19,Risk-On,TQQQ 100%
▸,2023-06-28,Risk-On,QLD 100%
▸,2023-06-21,Risk-On,TQQQ 100%
▸,2023-05-10,Risk-On,QLD 100%
▸,2023-04-21,Risk-On,TQQQ 100%
▸,2023-01-11,Risk-On,QLD 100%
▸,2022-12-06,Risk-Off,BIL 100%
▸,2022-12-05,Risk-On,QLD 100%
▸,2022-08-23,Risk-Off,BIL 100%
▸,2022-08-17,Risk-On,QLD 100%
▸,2021-12-08,Risk-Off,BIL 100%
▸,2021-12-02,Risk-On,QLD 100%
▸,2021-10-26,Risk-On,TQQQ 100%
▸,2021-10-05,Risk-On,QLD 100%
▸,2021-06-09,Risk-On,TQQQ 100%
▸,2021-05-13,Risk-On,QLD 100%
▸,2021-05-07,Risk-On,TQQQ 100%
▸,2021-04-05,Risk-On,QLD 100%
▸,2021-03-05,Risk-Off,BIL 100%
▸,2021-01-20,Risk-On,QLD 100%
▸,2020-12-03,Risk-On,TQQQ 100%
▸,2020-10-26,Risk-On,QLD 100%
▸,2020-09-10,Risk-Off,BIL 100%
▸,2020-09-04,Risk-On,QLD 100%
▸,2020-09-02,Risk-On,TQQQ 100%
▸,2020-07-08,Risk-On,QLD 100%
▸,2020-07-07,Risk-Off,BIL 100%
▸,2020-07-06,Risk-On,QLD 100%
▸,2020-06-30,Risk-Off,BIL 100%
▸,2020-06-12,Risk-On,QLD 100%
▸,2020-06-11,Risk-On,TQQQ 100%
▸,2020-05-21,Risk-On,QLD 100%
▸,2020-02-25,Risk-Off,BIL 100%
▸,2020-02-05,Risk-On,QLD 100%
▸,2019-10-28,Risk-On,TQQQ 100%
▸,2019-10-14,Risk-On,QLD 100%
▸,2019-09-17,Risk-On,TQQQ 100%
▸,2019-09-06,Risk-On,QLD 100%
▸,2019-08-19,Risk-Off,BIL 100%
▸,2019-08-06,Risk-On,QLD 100%
▸,2019-07-01,Risk-On,TQQQ 100%
▸,2019-06-24,Risk-On,QLD 100%
▸,2019-05-24,Risk-Off,BIL 100%
▸,2019-05-14,Risk-On,QLD 100%
▸,2019-03-14,Risk-On,TQQQ 100%
▸,2019-01-31,Risk-On,QLD 100%
▸,2018-10-12,Risk-Off,BIL 100%
▸,2018-10-11,Risk-On,QLD 100%
▸,2018-07-20,Risk-On,TQQQ 100%
▸,2018-07-13,Risk-On,QLD 100%
▸,2018-05-18,Risk-On,TQQQ 100%
▸,2018-05-16,Risk-On,QLD 100%
▸,2018-02-06,Risk-Off,BIL 100%
▸,2018-02-05,Risk-On,QLD 100%
▸,2017-12-27,Risk-On,TQQQ 100%
▸,2017-12-05,Risk-On,QLD 100%
▸,2017-11-20,Risk-On,TQQQ 100%
▸,2017-10-30,Risk-On,QLD 100%
▸,2017-09-25,Risk-On,TQQQ 100%
▸,2017-09-11,Risk-On,QLD 100%
▸,2017-08-21,Risk-Off,BIL 100%
▸,2017-08-18,Risk-On,QLD 100%
▸,2017-07-26,Risk-On,TQQQ 100%
▸,2017-07-24,Risk-On,QLD 100%
▸,2017-06-20,Risk-Off,BIL 100%
▸,2017-06-12,Risk-On,QLD 100%
▸,2017-06-09,Risk-On,TQQQ 100%
▸,2017-06-05,Risk-On,QLD 100%
▸,2016-07-28,Risk-On,TQQQ 100%
▸,2016-07-27,Risk-On,QLD 100%
▸,2016-06-28,Risk-Off,BIL 100%
▸,2016-06-27,Risk-On,QLD 100%
▸,2016-03-31,Risk-On,TQQQ 100%
▸,2016-03-10,Risk-On,QLD 100%
▸,2016-01-05,Risk-Off,BIL 100%
▸,2015-12-15,Risk-On,QLD 100%
▸,2015-12-14,Risk-Off,BIL 100%
▸,2015-12-10,Risk-On,QLD 100%
▸,2015-12-09,Risk-Off,BIL 100%
▸,2015-10-20,Risk-On,QLD 100%
▸,2015-08-24,Risk-Off,BIL 100%
▸,2015-07-14,Risk-On,QLD 100%
▸,2015-06-03,Risk-On,TQQQ 100%
▸,2015-05-06,Risk-On,QLD 100%
▸,2015-02-20,Risk-On,TQQQ 100%
▸,2015-02-19,Risk-On,QLD 100%
▸,2014-12-22,Risk-Off,BIL 100%
▸,2014-12-19,Risk-On,QLD 100%
▸,2014-11-12,Risk-On,TQQQ 100%
▸,2014-11-11,Risk-On,QLD 100%
▸,2014-10-09,Risk-Off,BIL 100%
▸,2014-10-06,Risk-On,QLD 100%
▸,2014-05-19,Risk-On,TQQQ 100%
▸,2014-05-05,Risk-On,QLD 100%
▸,2014-04-07,Risk-Off,BIL 100%
▸,2014-04-02,Risk-On,QLD 100%
▸,2014-02-27,Risk-On,TQQQ 100%
▸,2014-02-26,Risk-On,QLD 100%
▸,2014-01-31,Risk-Off,BIL 100%
▸,2014-01-27,Risk-On,QLD 100%
▸,2013-10-30,Risk-On,TQQQ 100%
▸,2013-10-17,Risk-On,QLD 100%
▸,2013-07-15,Risk-On,TQQQ 100%
▸,2013-06-26,Risk-On,QLD 100%
▸,2013-05-09,Risk-On,TQQQ 100%
▸,2013-04-19,Risk-On,QLD 100%
▸,2013-01-25,Risk-On,TQQQ 100%
▸,2013-01-03,Risk-On,QLD 100%
▸,2012-12-03,Risk-On,TQQQ 100%
▸,2012-11-08,Risk-On,QLD 100%
▸,2012-08-15,Risk-On,TQQQ 100%
▸,2012-06-05,Risk-On,QLD 100%
▸,2012-05-07,Risk-Off,BIL 100%
▸,2012-04-26,Risk-On,QLD 100%
▸,2012-01-13,Risk-On,TQQQ 100%
▸,2011-12-22,Risk-On,QLD 100%
▸,2011-08-03,Risk-Off,BIL 100%
▸,2011-06-23,Risk-On,QLD 100%
▸,2011-06-17,Risk-Off,BIL 100%
▸,2011-06-16,Risk-On,QLD 100%
▸,2011-04-07,Risk-On,TQQQ 100%
▸,2011-03-04,Risk-On,QLD 100%
▸,2010-12-17,Risk-On,TQQQ 100%
▸,2010-12-02,Risk-On,QLD 100%
▸,2010-09-27,Risk-On,TQQQ 100%
▸,2010-09-15,Risk-On,QLD 100%
▸,2010-08-23,Risk-Off,BIL 100%
▸,2010-07-29,Risk-On,QLD 100%
▸,2010-05-07,Risk-Off,BIL 100%
▸,2010-05-05,Risk-On,QLD 100%
▸,2010-03-02,Risk-On,TQQQ 100%
▸,2010-03-01,Risk-On,QLD 100%
▸,2010-01-29,Risk-Off,BIL 100%
▸,2010-01-25,Risk-On,QLD 100%
▸,2009-12-09,Risk-On,TQQQ 100%
▸,2009-11-02,Risk-On,QLD 100%
▸,2009-10-23,Risk-On,TQQQ 100%
▸,2009-10-07,Risk-On,QLD 100%
▸,2009-09-23,Risk-On,TQQQ 100%
▸,2009-09-09,Risk-On,QLD 100%
▸,2009-09-08,Risk-Off,BIL 100%
▸,2009-09-04,Risk-On,QLD 100%
▸,2009-09-03,Risk-Off,BIL 100%
▸,2009-09-02,Risk-On,QLD 100%
▸,2009-09-01,Risk-Off,BIL 100%
▸,2009-08-18,Risk-On,QLD 100%
▸,2009-08-06,Risk-On,TQQQ 100%
▸,2009-07-14,Risk-On,QLD 100%
▸,2009-07-13,Risk-Off,BIL 100%
▸,2009-07-10,Risk-On,QLD 100%
▸,2009-07-09,Risk-Off,BIL 100%
▸,2009-07-08,Risk-On,QLD 100%
▸,2009-07-07,Risk-Off,BIL 100%
▸,2009-06-05,Risk-On,QLD 100%
▸,2008-06-09,Risk-Off,BIL 100%
▸,2008-05-05,Risk-On,QLD 100%
▸,2007-10-24,Risk-Off,BIL 100%
▸,2007-10-22,Risk-On,QLD 100%
▸,2007-10-01,Risk-On,TQQQ 100%
▸,2007-09-27,Risk-On,QLD 100%
▸,2007-08-02,Risk-Off,BIL 100%
▸,2007-08-01,Risk-On,QLD 100%
▸,2007-04-04,Risk-On,TQQQ 100%
▸,2007-03-21,Risk-On,QLD 100%
▸,2007-03-01,Risk-Off,BIL 100%
▸,2007-02-28,Risk-On,QLD 100%
▸,2006-09-15,Risk-On,TQQQ 100%
▸,2006-08-15,Risk-On,QLD 100%
▸,2006-06-02,Risk-Off,BIL 100%
▸,2006-05-31,Risk-On,QLD 100%
▸,2006-03-28,Risk-On,TQQQ 100%
▸,2006-02-13,Risk-On,QLD 100%
▸,2006-01-23,Risk-Off,BIL 100%
▸,2006-01-09,Risk-On,QLD 100%
▸,2005-11-18,Risk-On,TQQQ 100%
▸,2005-10-25,Risk-On,QLD 100%
▸,2005-05-20,Risk-On,TQQQ 100%
▸,2005-04-22,Risk-On,QLD 100%
▸,2005-03-16,Risk-On,TQQQ 100%
▸,2005-02-07,Risk-On,QLD 100%
▸,2004-11-15,Risk-On,TQQQ 100%
▸,2004-08-20,Risk-On,QLD 100%
▸,2004-07-22,Risk-Off,BIL 100%
▸,2004-06-24,Risk-On,QLD 100%
▸,2004-06-01,Risk-On,TQQQ 100%
▸,2004-04-20,Risk-On,QLD 100%
▸,2004-03-22,Risk-Off,BIL 100%
▸,2004-03-16,Risk-On,QLD 100%
▸,2004-03-02,Risk-On,TQQQ 100%
▸,2004-02-12,Risk-On,QLD 100%
▸,2004-01-08,Risk-On,TQQQ 100%
▸,2003-09-17,Risk-On,QLD 100%
▸,2003-08-28,Risk-On,TQQQ 100%
▸,2003-04-23,Risk-On,QLD 100%
▸,2003-01-02,Risk-Off,BIL 100%