Year,Jan,Feb,Mar,Apr,May,Jun,Jul,Aug,Sep,Oct,Nov,Dec,Total
2026,0.3%,0.0%,-2.5%,8.4%,5.6%,1.9%,-1.4%,1.8%,1.6%,2.5%,—,—,19.4%
2025,2.5%,-1.9%,-9.3%,-5.6%,6.3%,1.4%,5.3%,0.0%,3.1%,3.9%,-0.2%,-1.2%,3.3%
2024,3.0%,5.8%,3.3%,-3.3%,3.2%,4.4%,0.8%,-0.1%,1.3%,1.9%,9.8%,-1.2%,32.3%
2023,5.3%,-0.0%,0.2%,-0.5%,4.1%,4.1%,2.7%,-0.3%,-2.5%,-2.5%,6.0%,3.8%,21.9%
2022,-5.2%,-2.6%,4.5%,-4.3%,-2.1%,-5.9%,12.2%,-2.4%,-6.6%,7.0%,0.7%,-9.1%,-14.8%
2021,0.4%,3.5%,6.7%,2.5%,-0.9%,5.5%,1.6%,3.4%,-2.6%,6.9%,0.9%,3.5%,35.8%
2020,1.2%,-7.3%,-14.0%,14.0%,3.8%,1.1%,0.5%,6.0%,-1.7%,-1.3%,9.0%,2.3%,11.1%
2019,8.6%,4.2%,2.8%,4.2%,-6.0%,5.0%,3.6%,-0.8%,2.6%,-0.2%,5.1%,0.9%,33.3%
2018,1.8%,-2.0%,-2.6%,2.3%,6.3%,0.6%,3.1%,4.4%,-0.0%,-5.0%,2.1%,-10.2%,-0.5%
2017,-0.4%,5.4%,-0.7%,-0.8%,-2.1%,-0.6%,-1.7%,-0.4%,3.1%,3.6%,0.9%,0.1%,6.4%
2016,-5.5%,-0.3%,2.2%,0.2%,4.5%,1.2%,2.7%,0.4%,-0.6%,0.3%,8.3%,2.2%,16.1%
2015,4.3%,6.6%,3.0%,-3.2%,2.8%,-3.1%,2.9%,-7.5%,-2.6%,9.1%,5.2%,-4.8%,11.8%
2014,-1.2%,2.5%,0.7%,-0.6%,3.8%,2.2%,0.2%,6.1%,1.9%,3.6%,3.2%,2.7%,28.2%
2013,2.3%,5.2%,5.9%,-0.9%,3.9%,-1.6%,3.6%,-2.4%,1.3%,3.8%,2.6%,1.4%,27.7%
2012,4.4%,1.8%,3.3%,0.2%,0.3%,1.6%,3.8%,0.6%,0.3%,-2.6%,0.4%,-0.1%,14.6%
2011,-1.3%,3.1%,-2.3%,-1.5%,2.0%,-2.8%,-1.3%,-6.2%,-1.0%,7.4%,3.3%,4.7%,3.3%
2010,-0.4%,5.0%,7.5%,3.9%,-0.9%,-5.2%,0.6%,-2.0%,2.2%,1.8%,7.1%,5.1%,26.8%
2009,-0.0%,-9.5%,3.4%,11.1%,-1.1%,1.1%,5.8%,3.2%,2.2%,-3.5%,4.0%,7.6%,25.2%
2008,-7.7%,-4.7%,-4.8%,6.5%,2.1%,-9.2%,0.4%,7.8%,-5.5%,-8.4%,-8.1%,-7.2%,-33.9%
2007,3.4%,-3.4%,0.0%,1.8%,5.3%,-2.2%,-4.9%,2.0%,-0.4%,0.0%,-6.0%,-0.1%,-4.8%
2006,0.5%,2.2%,0.3%,-2.9%,-4.8%,0.6%,-0.0%,2.1%,3.1%,2.9%,-1.5%,1.7%,3.8%
2005,1.2%,0.4%,0.4%,-1.8%,8.7%,2.8%,4.1%,-2.7%,3.1%,-1.8%,6.4%,-0.4%,21.5%
2004,3.8%,1.5%,0.2%,0.4%,-0.6%,2.4%,-2.4%,-1.2%,-0.2%,-0.8%,0.7%,1.3%,4.9%
2003,-5.1%,-1.9%,-0.4%,5.9%,0.6%,4.0%,4.8%,4.7%,-6.7%,6.4%,-1.8%,-1.0%,8.8%
2002,2.7%,-2.5%,3.1%,-7.5%,-5.0%,-11.8%,-7.8%,0.7%,-10.8%,7.5%,5.5%,-10.1%,-32.5%
2001,4.7%,-8.5%,-2.3%,7.2%,5.2%,-1.5%,-5.1%,-9.3%,-8.8%,3.3%,8.1%,2.1%,-7.0%
2000,-1.1%,3.8%,6.4%,-0.1%,-5.9%,2.0%,1.0%,12.0%,-4.2%,2.0%,-12.1%,-5.7%,-4.1%
1999,8.7%,-0.4%,5.7%,7.1%,-0.7%,6.3%,-6.7%,0.1%,-3.0%,7.5%,7.9%,7.7%,46.7%
1998,2.6%,7.3%,5.5%,0.5%,-4.3%,4.7%,-2.0%,-16.3%,1.9%,4.0%,8.7%,5.8%,16.9%
1997,8.4%,4.2%,-3.1%,5.0%,6.8%,5.4%,10.9%,-0.8%,3.2%,-5.4%,1.9%,4.2%,47.4%
1996,3.7%,1.9%,1.7%,3.8%,4.2%,-1.4%,-6.6%,2.0%,6.7%,2.2%,5.2%,0.9%,26.2%
1995,-0.2%,2.9%,-1.9%,0.6%,4.9%,2.5%,2.8%,4.7%,4.4%,-3.7%,4.0%,3.1%,26.5%
1994,4.4%,-2.5%,-6.4%,1.0%,-1.2%,-4.2%,-0.2%,4.3%,-2.8%,-0.6%,-2.3%,3.5%,-7.3%
1993,3.2%,2.9%,2.8%,-6.0%,3.2%,3.4%,3.8%,4.4%,-3.9%,3.0%,1.4%,1.9%,21.4%
1992,-1.5%,4.1%,0.6%,2.0%,-1.4%,-4.6%,-1.2%,-4.4%,2.5%,5.8%,11.4%,1.6%,14.7%
1991,5.0%,5.1%,10.8%,6.0%,5.2%,-0.6%,4.9%,-0.1%,-4.2%,1.0%,-7.6%,7.6%,36.6%
1990,-9.4%,-0.1%,4.4%,-3.7%,7.9%,0.1%,-3.4%,-12.8%,-4.7%,-3.3%,4.2%,3.9%,-17.4%
1989,12.0%,-1.5%,3.2%,5.5%,8.5%,1.3%,4.3%,3.4%,1.0%,-5.9%,0.5%,-1.9%,33.3%
1988,5.3%,7.5%,-4.3%,0.4%,1.7%,8.3%,4.8%,-1.3%,3.6%,0.4%,-5.4%,1.7%,23.9%
